repeat,outer_fold,feature_set,model,inner_macro_f1_mean,inner_macro_f1_std,inner_fold_scores
1,1,Edge/Morfologi,Logistic Regression,0.7790428338474927,0.04543532614247993,"[0.823275862069, 0.78021978022, 0.716312056738, 0.796363636364]"
1,1,Edge/Morfologi,SVM (RBF),0.7953442133416695,0.02498011739991782,"[0.775956284153, 0.811912225705, 0.77207977208, 0.821428571429]"
1,1,Edge/Morfologi,Random Forest,0.8236981011590641,0.03950396913043262,"[0.882183908046, 0.804332634521, 0.796363636364, 0.811912225705]"
1,1,Tekstur,Logistic Regression,0.7635217800446445,0.047645205722208935,"[0.751515151515, 0.7150997151, 0.82905982906, 0.758412424504]"
1,1,Tekstur,SVM (RBF),0.8620984686444942,0.056950829705084534,"[0.856140350877, 0.804332634521, 0.940476190476, 0.847444698703]"
1,1,Tekstur,Random Forest,0.8393632096778549,0.040927572259729775,"[0.837301587302, 0.786666666667, 0.88603988604, 0.847444698703]"
1,1,Frekuensi,Logistic Regression,0.6129969373870995,0.10809136645289652,"[0.675987841945, 0.710335747202, 0.598997493734, 0.466666666667]"
1,1,Frekuensi,SVM (RBF),0.626938720403766,0.12278326086890175,"[0.721088435374, 0.7150997151, 0.613152804642, 0.458413926499]"
1,1,Frekuensi,Random Forest,0.6233598783295108,0.05824510193578846,"[0.587643678161, 0.60113960114, 0.710335747202, 0.594320486815]"
1,1,Gabungan 6 Fitur,Logistic Regression,0.8697037011424883,0.09332828073319818,"[0.943681318681, 0.733333333333, 0.893333333333, 0.908466819222]"
1,1,Gabungan 6 Fitur,SVM (RBF),0.9284398077132632,0.0342384578217869,"[0.913684210526, 0.89010989011, 0.940476190476, 0.969488939741]"
1,1,Gabungan 6 Fitur,Random Forest,0.9197750016743151,0.03613735756767705,"[0.913684210526, 0.88603988604, 0.970909090909, 0.908466819222]"
1,2,Edge/Morfologi,Logistic Regression,0.7686870696833902,0.07759989916632973,"[0.721088435374, 0.796363636364, 0.692522711391, 0.864773495605]"
1,2,Edge/Morfologi,SVM (RBF),0.7932504680729833,0.029381146350598027,"[0.783068783069, 0.821428571429, 0.811912225705, 0.756592292089]"
1,2,Edge/Morfologi,Random Forest,0.7903310393551122,0.03623479611736797,"[0.75992192583, 0.804332634521, 0.761904761905, 0.835164835165]"
1,2,Tekstur,Logistic Regression,0.787002997002997,0.07735306678561167,"[0.887362637363, 0.796363636364, 0.702380952381, 0.761904761905]"
1,2,Tekstur,SVM (RBF),0.8405843342410676,0.10804166356515729,"[0.971228070175, 0.821428571429, 0.860237596087, 0.709443099274]"
1,2,Tekstur,Random Forest,0.8250510574331329,0.08451975270494112,"[0.943681318681, 0.748427672956, 0.786666666667, 0.821428571429]"
1,2,Frekuensi,Logistic Regression,0.5779598098954675,0.08586517181647342,"[0.581381381381, 0.693094629156, 0.548872180451, 0.488491048593]"
1,2,Frekuensi,SVM (RBF),0.588318829833007,0.08979964538233752,"[0.598039215686, 0.648411088573, 0.648411088573, 0.458413926499]"
1,2,Frekuensi,Random Forest,0.6015017292183331,0.055421156970937864,"[0.568954854669, 0.648411088573, 0.648411088573, 0.540229885057]"
1,2,Gabungan 6 Fitur,Logistic Regression,0.8654694347195973,0.04068204703019754,"[0.919973975277, 0.860237596087, 0.821428571429, 0.860237596087]"
1,2,Gabungan 6 Fitur,SVM (RBF),0.9151216156877613,0.02316654652210981,"[0.945767195767, 0.89010989011, 0.908466819222, 0.916142557652]"
1,2,Gabungan 6 Fitur,Random Forest,0.9419073299734756,0.04146519613162113,"[1.0, 0.94301994302, 0.908466819222, 0.916142557652]"
1,3,Edge/Morfologi,Logistic Regression,0.7520691750645668,0.028198621976637257,"[0.786666666667, 0.725274725275, 0.733333333333, 0.763001974984]"
1,3,Edge/Morfologi,SVM (RBF),0.7453325863771522,0.043734888962656766,"[0.804332634521, 0.702380952381, 0.725400457666, 0.74921630094]"
1,3,Edge/Morfologi,Random Forest,0.7592885950279846,0.06474332770070104,"[0.77207977208, 0.804332634521, 0.796363636364, 0.664378337147]"
1,3,Tekstur,Logistic Regression,0.7146834477498094,0.03222887955279233,"[0.733333333333, 0.733333333333, 0.725400457666, 0.666666666667]"
1,3,Tekstur,SVM (RBF),0.8434076353992598,0.046651442082140844,"[0.860237596087, 0.864773495605, 0.87460815047, 0.774011299435]"
1,3,Tekstur,Random Forest,0.8307647281752681,0.03148028407764118,"[0.796363636364, 0.860237596087, 0.811912225705, 0.854545454545]"
1,3,Frekuensi,Logistic Regression,0.5697502016676995,0.019981537722930997,"[0.572595851666, 0.548872180451, 0.561573178594, 0.59595959596]"
1,3,Frekuensi,SVM (RBF),0.579988828319502,0.048132179402686326,"[0.572595851666, 0.524702939337, 0.58071278826, 0.641943734015]"
1,3,Frekuensi,Random Forest,0.578405285235701,0.10944000668460821,"[0.6875, 0.4861392833, 0.482312338223, 0.657669519421]"
1,3,Gabungan 6 Fitur,Logistic Regression,0.8330144054756554,0.03460114256788811,"[0.860237596087, 0.864773495605, 0.796363636364, 0.810682893847]"
1,3,Gabungan 6 Fitur,SVM (RBF),0.8931360306360306,0.05234943194680661,"[0.945054945055, 0.893333333333, 0.821428571429, 0.912727272727]"
1,3,Gabungan 6 Fitur,Random Forest,0.8916147273956605,0.06856399625739279,"[0.918864097363, 0.864773495605, 0.811912225705, 0.970909090909]"
1,4,Edge/Morfologi,Logistic Regression,0.7656499597091215,0.11663805337008161,"[0.823275862069, 0.590792838875, 0.82905982906, 0.819471308833]"
1,4,Edge/Morfologi,SVM (RBF),0.7671056721056722,0.09197065693301486,"[0.875757575758, 0.65811965812, 0.796363636364, 0.738181818182]"
1,4,Edge/Morfologi,Random Forest,0.7867393621703966,0.03674020791043496,"[0.837301587302, 0.74921630094, 0.78021978022, 0.78021978022]"
1,4,Tekstur,Logistic Regression,0.7517825096633329,0.03390222901078912,"[0.775956284153, 0.77207977208, 0.756592292089, 0.702501690331]"
1,4,Tekstur,SVM (RBF),0.7792809603875177,0.10202694137609698,"[0.839968774395, 0.821428571429, 0.82905982906, 0.626666666667]"
1,4,Tekstur,Random Forest,0.7321906667870168,0.1100029236506245,"[0.775956284153, 0.78021978022, 0.804332634521, 0.568253968254]"
1,4,Frekuensi,Logistic Regression,0.5312976946659598,0.11058861483670052,"[0.416821273964, 0.574734208881, 0.66473243069, 0.468902865129]"
1,4,Frekuensi,SVM (RBF),0.6059425471637422,0.09070027211130309,"[0.599869876383, 0.568253968254, 0.733333333333, 0.522313010685]"
1,4,Frekuensi,Random Forest,0.566733453126378,0.06887299758615825,"[0.4875, 0.648411088573, 0.590792838875, 0.540229885057]"
1,4,Gabungan 6 Fitur,Logistic Regression,0.8111267695614356,0.07089449316185684,"[0.909358879882, 0.810682893847, 0.78021978022, 0.744245524297]"
1,4,Gabungan 6 Fitur,SVM (RBF),0.8614303044384661,0.06414822987413722,"[0.909358879882, 0.84, 0.916142557652, 0.78021978022]"
1,4,Gabungan 6 Fitur,Random Forest,0.8749265915196589,0.030831522937657504,"[0.909358879882, 0.89010989011, 0.860237596087, 0.84]"
1,5,Edge/Morfologi,Logistic Regression,0.7672962478817141,0.12967994246092604,"[0.813272608979, 0.738181818182, 0.605003291639, 0.912727272727]"
1,5,Edge/Morfologi,SVM (RBF),0.7848709203876679,0.04465027580384144,"[0.84893146647, 0.761904761905, 0.748427672956, 0.78021978022]"
1,5,Edge/Morfologi,Random Forest,0.7791895604395604,0.03456959706959711,"[0.831043956044, 0.761904761905, 0.761904761905, 0.761904761905]"
1,5,Tekstur,Logistic Regression,0.6895734640939244,0.08007347563558044,"[0.662087912088, 0.590792838875, 0.77207977208, 0.733333333333]"
1,5,Tekstur,SVM (RBF),0.7890670988629676,0.10376938201383988,"[0.705459770115, 0.748427672956, 0.761904761905, 0.940476190476]"
1,5,Tekstur,Random Forest,0.7342970721117174,0.07982603926823777,"[0.662087912088, 0.725274725275, 0.702380952381, 0.847444698703]"
1,5,Frekuensi,Logistic Regression,0.5682846679549576,0.07458587122412581,"[0.50956937799, 0.641943734015, 0.498746867168, 0.622878692646]"
1,5,Frekuensi,SVM (RBF),0.6303639058961674,0.08085519859130419,"[0.599869876383, 0.710335747202, 0.53125, 0.68]"
1,5,Frekuensi,Random Forest,0.6289452885112483,0.026127205353676266,"[0.599869876383, 0.657669519421, 0.615384615385, 0.642857142857]"
1,5,Gabungan 6 Fitur,Logistic Regression,0.814965064149878,0.04524971754700843,"[0.75992192583, 0.864773495605, 0.835164835165, 0.8]"
1,5,Gabungan 6 Fitur,SVM (RBF),0.8801825811994489,0.027762811109457775,"[0.856140350877, 0.918864097363, 0.864773495605, 0.880952380952]"
1,5,Gabungan 6 Fitur,Random Forest,0.8862067375797352,0.021832453239867346,"[0.856140350877, 0.89010989011, 0.89010989011, 0.908466819222]"
2,1,Edge/Morfologi,Logistic Regression,0.7707301414740119,0.050356551505207514,"[0.806734006734, 0.810682893847, 0.763001974984, 0.702501690331]"
2,1,Edge/Morfologi,SVM (RBF),0.7815125820100383,0.03252870783656214,"[0.775956284153, 0.8, 0.811912225705, 0.738181818182]"
2,1,Edge/Morfologi,Random Forest,0.7768871879413961,0.035030447316142625,"[0.823275862069, 0.774011299435, 0.77207977208, 0.738181818182]"
2,1,Tekstur,Logistic Regression,0.7301127617431447,0.03877593165946238,"[0.751515151515, 0.77207977208, 0.710335747202, 0.686520376176]"
2,1,Tekstur,SVM (RBF),0.8035198053580407,0.0973156831396647,"[0.831043956044, 0.89010989011, 0.82905982906, 0.663865546218]"
2,1,Tekstur,Random Forest,0.7716471793550901,0.08128972667868586,"[0.783068783069, 0.864773495605, 0.77207977208, 0.666666666667]"
2,1,Frekuensi,Logistic Regression,0.43062807605485187,0.09035384359228825,"[0.338245614035, 0.377958079784, 0.466666666667, 0.539641943734]"
2,1,Frekuensi,SVM (RBF),0.6064841057230337,0.02126483625940344,"[0.584376863447, 0.60113960114, 0.605003291639, 0.635416666667]"
2,1,Frekuensi,Random Forest,0.6097715896550524,0.06332866929455241,"[0.598039215686, 0.524807826695, 0.65811965812, 0.65811965812]"
2,1,Gabungan 6 Fitur,Logistic Regression,0.8298619806252681,0.06601368044501779,"[0.788504053058, 0.84, 0.918864097363, 0.77207977208]"
2,1,Gabungan 6 Fitur,SVM (RBF),0.9360318228242757,0.058842857297410886,"[1.0, 0.972047519217, 0.88603988604, 0.88603988604]"
2,1,Gabungan 6 Fitur,Random Forest,0.8902563120332215,0.0564699253319834,"[0.972390572391, 0.880952380952, 0.860237596087, 0.847444698703]"
2,2,Edge/Morfologi,Logistic Regression,0.7296250864083119,0.084801098049063,"[0.756592292089, 0.795, 0.605003291639, 0.761904761905]"
2,2,Edge/Morfologi,SVM (RBF),0.7750624689184011,0.06584520599863,"[0.761904761905, 0.861952861953, 0.774011299435, 0.702380952381]"
2,2,Edge/Morfologi,Random Forest,0.7194398246358558,0.1038199917909958,"[0.756592292089, 0.84893146647, 0.648411088573, 0.623824451411]"
2,2,Tekstur,Logistic Regression,0.7147748678072391,0.06116235897933803,"[0.648411088573, 0.711943793911, 0.702380952381, 0.796363636364]"
2,2,Tekstur,SVM (RBF),0.8019553833263511,0.050314511607920116,"[0.796363636364, 0.735483870968, 0.821428571429, 0.854545454545]"
2,2,Tekstur,Random Forest,0.7454882617382618,0.10710083989329115,"[0.725274725275, 0.605769230769, 0.796363636364, 0.854545454545]"
2,2,Frekuensi,Logistic Regression,0.4297379650446775,0.10911249103567709,"[0.301187980433, 0.559139784946, 0.464285714286, 0.394338380513]"
2,2,Frekuensi,SVM (RBF),0.6042458287662891,0.047832644148135914,"[0.583333333333, 0.674603174603, 0.568253968254, 0.590792838875]"
2,2,Frekuensi,Random Forest,0.6045566102339707,0.03132433052071008,"[0.58071278826, 0.605769230769, 0.583333333333, 0.648411088573]"
2,2,Gabungan 6 Fitur,Logistic Regression,0.8130917230917232,0.04908144021967508,"[0.78021978022, 0.789743589744, 0.796363636364, 0.88603988604]"
2,2,Gabungan 6 Fitur,SVM (RBF),0.9091519327620499,0.02485577455424769,"[0.916142557652, 0.941091954023, 0.88603988604, 0.893333333333]"
2,2,Gabungan 6 Fitur,Random Forest,0.8924841107168693,0.0454275547079189,"[0.912727272727, 0.941091954023, 0.880952380952, 0.835164835165]"
2,3,Edge/Morfologi,Logistic Regression,0.7476399006071017,0.09934241044212014,"[0.786666666667, 0.864773495605, 0.636617749825, 0.702501690331]"
2,3,Edge/Morfologi,SVM (RBF),0.743841508807922,0.06738679136561611,"[0.7150997151, 0.78021978022, 0.664378337147, 0.815668202765]"
2,3,Edge/Morfologi,Random Forest,0.7352818477818479,0.052067387287429254,"[0.68, 0.786666666667, 0.702380952381, 0.77207977208]"
2,3,Tekstur,Logistic Regression,0.7681218655794927,0.04902703475389461,"[0.761904761905, 0.77207977208, 0.82905982906, 0.709443099274]"
2,3,Tekstur,SVM (RBF),0.8252461838519042,0.015641950076611417,"[0.821428571429, 0.810682893847, 0.821428571429, 0.847444698703]"
2,3,Tekstur,Random Forest,0.8048720628030973,0.046481158048816855,"[0.854545454545, 0.786666666667, 0.82905982906, 0.74921630094]"
2,3,Frekuensi,Logistic Regression,0.6000988633866157,0.08567288068382621,"[0.66473243069, 0.641943734015, 0.619047619048, 0.474671669794]"
2,3,Frekuensi,SVM (RBF),0.6018326301626249,0.11070564932797053,"[0.669841269841, 0.66473243069, 0.635416666667, 0.437340153453]"
2,3,Frekuensi,Random Forest,0.5883034852608889,0.15198447518092675,"[0.733333333333, 0.702501690331, 0.430199430199, 0.487179487179]"
2,3,Gabungan 6 Fitur,Logistic Regression,0.8427960927960927,0.06112632599053964,"[0.89010989011, 0.89010989011, 0.82905982906, 0.761904761905]"
2,3,Gabungan 6 Fitur,SVM (RBF),0.8794050533673174,0.027143783235136252,"[0.860237596087, 0.89010989011, 0.912727272727, 0.854545454545]"
2,3,Gabungan 6 Fitur,Random Forest,0.8928853945364458,0.023875113220048188,"[0.912727272727, 0.89010989011, 0.860237596087, 0.908466819222]"
2,4,Edge/Morfologi,Logistic Regression,0.797653255200425,0.04364243774126551,"[0.751515151515, 0.804332634521, 0.78021978022, 0.854545454545]"
2,4,Edge/Morfologi,SVM (RBF),0.7877816529965779,0.05650119346667855,"[0.728076639646, 0.854545454545, 0.756592292089, 0.811912225705]"
2,4,Edge/Morfologi,Random Forest,0.781034240830612,0.10301843626701924,"[0.68350877193, 0.918864097363, 0.796363636364, 0.725400457666]"
2,4,Tekstur,Logistic Regression,0.7630879114340943,0.047374181773305796,"[0.751515151515, 0.702501690331, 0.811912225705, 0.786422578185]"
2,4,Tekstur,SVM (RBF),0.809477205241767,0.04491940572215979,"[0.856140350877, 0.748427672956, 0.821428571429, 0.811912225705]"
2,4,Tekstur,Random Forest,0.7728601942344335,0.03265559803818903,"[0.751515151515, 0.756592292089, 0.821428571429, 0.761904761905]"
2,4,Frekuensi,Logistic Regression,0.46797739297739294,0.1529086400875488,"[0.240740740741, 0.568253968254, 0.545454545455, 0.51746031746]"
2,4,Frekuensi,SVM (RBF),0.5690317546935931,0.04561130085799465,"[0.632051282051, 0.53125, 0.572595851666, 0.540229885057]"
2,4,Frekuensi,Random Forest,0.6119534378677431,0.071471961090235,"[0.566137566138, 0.605003291639, 0.561573178594, 0.7150997151]"
2,4,Gabungan 6 Fitur,Logistic Regression,0.8484396577138512,0.06795911425062691,"[0.783068783069, 0.815668202765, 0.940476190476, 0.854545454545]"
2,4,Gabungan 6 Fitur,SVM (RBF),0.9014858846543947,0.05330452580693146,"[0.866623292128, 0.912727272727, 0.972047519217, 0.854545454545]"
2,4,Gabungan 6 Fitur,Random Forest,0.9424988072356494,0.023890430309075283,"[0.971228070175, 0.94301994302, 0.94301994302, 0.912727272727]"
2,5,Edge/Morfologi,Logistic Regression,0.7373987204346801,0.061103544414780574,"[0.751515151515, 0.786666666667, 0.648411088573, 0.763001974984]"
2,5,Edge/Morfologi,SVM (RBF),0.7330871339922465,0.04923976962222843,"[0.775956284153, 0.774011299435, 0.68, 0.702380952381]"
2,5,Edge/Morfologi,Random Forest,0.77861096017407,0.031357264528415224,"[0.764367816092, 0.821428571429, 0.748427672956, 0.78021978022]"
2,5,Tekstur,Logistic Regression,0.7352062946799789,0.045474774686056506,"[0.760233918129, 0.738181818182, 0.77207977208, 0.67032967033]"
2,5,Tekstur,SVM (RBF),0.8350245703259774,0.03054320089678734,"[0.875757575758, 0.821428571429, 0.838579499596, 0.804332634521]"
2,5,Tekstur,Random Forest,0.8297727272727273,0.05589923539643752,"[0.813636363636, 0.796363636364, 0.912727272727, 0.796363636364]"
2,5,Frekuensi,Logistic Regression,0.5936776056064412,0.08506722147995863,"[0.675987841945, 0.619047619048, 0.605003291639, 0.474671669794]"
2,5,Frekuensi,SVM (RBF),0.6147848602504407,0.07110985055689335,"[0.670377241806, 0.673161533627, 0.524807826695, 0.590792838875]"
2,5,Frekuensi,Random Forest,0.650502499116886,0.054751555062310754,"[0.728835978836, 0.635416666667, 0.636617749825, 0.60113960114]"
2,5,Gabungan 6 Fitur,Logistic Regression,0.8109350216223834,0.06616078356426021,"[0.84893146647, 0.860237596087, 0.7150997151, 0.819471308833]"
2,5,Gabungan 6 Fitur,SVM (RBF),0.9211659845515048,0.014916130609111063,"[0.909358879882, 0.94301994302, 0.916142557652, 0.916142557652]"
2,5,Gabungan 6 Fitur,Random Forest,0.9276165570398132,0.03774182934227649,"[0.909358879882, 0.88603988604, 0.94301994302, 0.972047519217]"
3,1,Edge/Morfologi,Logistic Regression,0.7263007115052023,0.03113272615778383,"[0.723444374607, 0.686520376176, 0.733333333333, 0.761904761905]"
3,1,Edge/Morfologi,SVM (RBF),0.7544282408346208,0.04404054446621385,"[0.767891682785, 0.689387402934, 0.786422578185, 0.774011299435]"
3,1,Edge/Morfologi,Random Forest,0.7287011688634406,0.05589166521922362,"[0.810682893847, 0.686520376176, 0.702501690331, 0.7150997151]"
3,1,Tekstur,Logistic Regression,0.7432804904375837,0.05706381425927116,"[0.710335747202, 0.786422578185, 0.796363636364, 0.68]"
3,1,Tekstur,SVM (RBF),0.8044859712628808,0.058878684301087614,"[0.738181818182, 0.860237596087, 0.77207977208, 0.847444698703]"
3,1,Tekstur,Random Forest,0.7985511535983234,0.02051276870143248,"[0.77207977208, 0.804332634521, 0.821428571429, 0.796363636364]"
3,1,Frekuensi,Logistic Regression,0.5121764797842039,0.11808164407557949,"[0.341672152732, 0.583333333333, 0.524702939337, 0.598997493734]"
3,1,Frekuensi,SVM (RBF),0.6330505647501189,0.07906177224640204,"[0.605003291639, 0.648411088573, 0.545454545455, 0.733333333333]"
3,1,Frekuensi,Random Forest,0.605346170726355,0.05039231427160438,"[0.552337063858, 0.583333333333, 0.615384615385, 0.67032967033]"
3,1,Gabungan 6 Fitur,Logistic Regression,0.8085146160617859,0.06318756739776854,"[0.720634920635, 0.804332634521, 0.854545454545, 0.854545454545]"
3,1,Gabungan 6 Fitur,SVM (RBF),0.8968093471867057,0.04488761507636383,"[0.84, 0.945054945055, 0.88603988604, 0.916142557652]"
3,1,Gabungan 6 Fitur,Random Forest,0.8851495726495726,0.04978200200424109,"[0.89010989011, 0.94301994302, 0.88603988604, 0.821428571429]"
3,2,Edge/Morfologi,Logistic Regression,0.8168752543752544,0.03011532296240687,"[0.82905982906, 0.837301587302, 0.82905982906, 0.77207977208]"
3,2,Edge/Morfologi,SVM (RBF),0.7920187645316857,0.0544713090277229,"[0.725274725275, 0.823275862069, 0.77207977208, 0.847444698703]"
3,2,Edge/Morfologi,Random Forest,0.7895337017978528,0.051321826739086925,"[0.748427672956, 0.806734006734, 0.748427672956, 0.854545454545]"
3,2,Tekstur,Logistic Regression,0.7515977368111056,0.050787040109002694,"[0.774011299435, 0.696296296296, 0.725400457666, 0.810682893847]"
3,2,Tekstur,SVM (RBF),0.8447011954468753,0.05622577830852692,"[0.847444698703, 0.764367816092, 0.880952380952, 0.88603988604]"
3,2,Tekstur,Random Forest,0.8201218211172667,0.06732840077306776,"[0.811912225705, 0.751515151515, 0.804332634521, 0.912727272727]"
3,2,Frekuensi,Logistic Regression,0.4067136167558213,0.08502255641157935,"[0.494949494949, 0.460526315789, 0.357092941999, 0.314285714286]"
3,2,Frekuensi,SVM (RBF),0.5938754044229473,0.09764009511350995,"[0.552337063858, 0.487804878049, 0.619047619048, 0.716312056738]"
3,2,Frekuensi,Random Forest,0.6481103442519793,0.04989460017040686,"[0.641943734015, 0.641077441077, 0.594320486815, 0.7150997151]"
3,2,Gabungan 6 Fitur,Logistic Regression,0.8429478694057801,0.020129955115232554,"[0.854545454545, 0.831043956044, 0.821428571429, 0.864773495605]"
3,2,Gabungan 6 Fitur,SVM (RBF),0.9368108271881856,0.02591085175528013,"[0.970909090909, 0.917171717172, 0.94301994302, 0.916142557652]"
3,2,Gabungan 6 Fitur,Random Forest,0.9050885964615941,0.03607621359303554,"[0.912727272727, 0.856140350877, 0.908466819222, 0.94301994302]"
3,3,Edge/Morfologi,Logistic Regression,0.7677550200649806,0.0875247978518106,"[0.842307692308, 0.66473243069, 0.838579499596, 0.725400457666]"
3,3,Edge/Morfologi,SVM (RBF),0.7830773831850092,0.05414744514643407,"[0.831043956044, 0.748427672956, 0.827437446074, 0.725400457666]"
3,3,Edge/Morfologi,Random Forest,0.7887791668455284,0.07585401717907829,"[0.891534391534, 0.725400457666, 0.8, 0.738181818182]"
3,3,Tekstur,Logistic Regression,0.7540387834048261,0.09223061056008003,"[0.711943793911, 0.756592292089, 0.880952380952, 0.666666666667]"
3,3,Tekstur,SVM (RBF),0.8343823533714879,0.057754276774221944,"[0.84893146647, 0.864773495605, 0.87460815047, 0.74921630094]"
3,3,Tekstur,Random Forest,0.7941742546251624,0.04549494988995504,"[0.764367816092, 0.815668202765, 0.847444698703, 0.74921630094]"
3,3,Frekuensi,Logistic Regression,0.43915535080307894,0.125570330336935,"[0.333116460638, 0.572595851666, 0.330909090909, 0.52]"
3,3,Frekuensi,SVM (RBF),0.5739578860257052,0.04891368667741143,"[0.581381381381, 0.51746031746, 0.635416666667, 0.561573178594]"
3,3,Frekuensi,Random Forest,0.5640458044259887,0.1130387017938115,"[0.511904761905, 0.552337063858, 0.725274725275, 0.466666666667]"
3,3,Gabungan 6 Fitur,Logistic Regression,0.8187389123278416,0.08384053207250766,"[0.798596491228, 0.786666666667, 0.940476190476, 0.74921630094]"
3,3,Gabungan 6 Fitur,SVM (RBF),0.9339491991429315,0.04293053631342684,"[0.909358879882, 0.970909090909, 0.969488939741, 0.88603988604]"
3,3,Gabungan 6 Fitur,Random Forest,0.8889978838228434,0.06679963367406995,"[0.84893146647, 0.916142557652, 0.969488939741, 0.821428571429]"
3,4,Edge/Morfologi,Logistic Regression,0.7507650375548034,0.06797214894025504,"[0.674603174603, 0.767891682785, 0.835164835165, 0.725400457666]"
3,4,Edge/Morfologi,SVM (RBF),0.7788726961386929,0.06741312234002696,"[0.711943793911, 0.815668202765, 0.854545454545, 0.733333333333]"
3,4,Edge/Morfologi,Random Forest,0.7609044341955092,0.12363586936314294,"[0.662087912088, 0.912727272727, 0.810682893847, 0.65811965812]"
3,4,Tekstur,Logistic Regression,0.7285778335939812,0.11145857790745364,"[0.788504053058, 0.580306698951, 0.710335747202, 0.835164835165]"
3,4,Tekstur,SVM (RBF),0.7822309479231676,0.08226918976426673,"[0.813636363636, 0.664378337147, 0.796363636364, 0.854545454545]"
3,4,Tekstur,Random Forest,0.7823381233371092,0.07057436124516056,"[0.751515151515, 0.702380952381, 0.810682893847, 0.864773495605]"
3,4,Frekuensi,Logistic Regression,0.5017211263036288,0.14238095750657295,"[0.497549019608, 0.51746031746, 0.669841269841, 0.322033898305]"
3,4,Frekuensi,SVM (RBF),0.612796608007618,0.04474616628156482,"[0.59, 0.561573178594, 0.657669519421, 0.641943734015]"
3,4,Frekuensi,Random Forest,0.5891239982527441,0.07871353973347037,"[0.598039215686, 0.505494505495, 0.56043956044, 0.692522711391]"
3,4,Gabungan 6 Fitur,Logistic Regression,0.8135302197802197,0.12543635847942766,"[0.831043956044, 0.642857142857, 0.945054945055, 0.835164835165]"
3,4,Gabungan 6 Fitur,SVM (RBF),0.9136424424214933,0.02601562006810938,"[0.882183908046, 0.908466819222, 0.918864097363, 0.945054945055]"
3,4,Gabungan 6 Fitur,Random Forest,0.9200596883176584,0.04579466359583379,"[0.882183908046, 0.880952380952, 0.945054945055, 0.972047519217]"
3,5,Edge/Morfologi,Logistic Regression,0.7658354955229956,0.04838526739644339,"[0.77207977208, 0.831043956044, 0.720634920635, 0.739583333333]"
3,5,Edge/Morfologi,SVM (RBF),0.7608155147025418,0.08634829312606276,"[0.666666666667, 0.875757575758, 0.744245524297, 0.756592292089]"
3,5,Edge/Morfologi,Random Forest,0.7527111623875886,0.026151114625252155,"[0.74921630094, 0.718406593407, 0.763001974984, 0.78021978022]"
3,5,Tekstur,Logistic Regression,0.7564611160976562,0.06011189500244738,"[0.733333333333, 0.831043956044, 0.689387402934, 0.77207977208]"
3,5,Tekstur,SVM (RBF),0.8266709019923515,0.04430168012193511,"[0.82905982906, 0.882183908046, 0.774011299435, 0.821428571429]"
3,5,Tekstur,Random Forest,0.7869482200145815,0.05628607633202455,"[0.78021978022, 0.861952861953, 0.725400457666, 0.78021978022]"
3,5,Frekuensi,Logistic Regression,0.6056946203521281,0.0941778453378084,"[0.59595959596, 0.698529411765, 0.479166666667, 0.649122807018]"
3,5,Frekuensi,SVM (RBF),0.6352250940356152,0.14731933576556883,"[0.626666666667, 0.837301587302, 0.4861392833, 0.590792838875]"
3,5,Frekuensi,Random Forest,0.6028733456991121,0.026478656195814274,"[0.594320486815, 0.607221812822, 0.636617749825, 0.573333333333]"
3,5,Gabungan 6 Fitur,Logistic Regression,0.8446518878003019,0.0444071634250369,"[0.864773495605, 0.837301587302, 0.786422578185, 0.89010989011]"
3,5,Gabungan 6 Fitur,SVM (RBF),0.8994365622512076,0.040841920815525665,"[0.89010989011, 0.917171717172, 0.847444698703, 0.94301994302]"
3,5,Gabungan 6 Fitur,Random Forest,0.9039265815853837,0.07742276947549981,"[0.89010989011, 0.913684210526, 0.811912225705, 1.0]"
4,1,Edge/Morfologi,Logistic Regression,0.7375431492625938,0.027860008960688475,"[0.728076639646, 0.702501690331, 0.763001974984, 0.756592292089]"
4,1,Edge/Morfologi,SVM (RBF),0.729272657167394,0.03426463892126427,"[0.691729323308, 0.738181818182, 0.77207977208, 0.7150997151]"
4,1,Edge/Morfologi,Random Forest,0.8026347013355983,0.05570534500594768,"[0.839968774395, 0.860237596087, 0.748427672956, 0.761904761905]"
4,1,Tekstur,Logistic Regression,0.7755871289736691,0.0857004376770419,"[0.806734006734, 0.880952380952, 0.689387402934, 0.725274725275]"
4,1,Tekstur,SVM (RBF),0.8328222115819182,0.09589895537693227,"[0.971228070175, 0.821428571429, 0.758412424504, 0.78021978022]"
4,1,Tekstur,Random Forest,0.8254310329782027,0.0620545200289342,"[0.917171717172, 0.804332634521, 0.8, 0.78021978022]"
4,1,Frekuensi,Logistic Regression,0.3914061289007121,0.10571632685088223,"[0.365512159175, 0.289005924951, 0.371464487744, 0.539641943734]"
4,1,Frekuensi,SVM (RBF),0.595199606895806,0.17730544725336186,"[0.751515151515, 0.66473243069, 0.341672152732, 0.622878692646]"
4,1,Frekuensi,Random Forest,0.5650643752940329,0.0193051175343374,"[0.585858585859, 0.561573178594, 0.540229885057, 0.572595851666]"
4,1,Gabungan 6 Fitur,Logistic Regression,0.812005607644553,0.06004372738454598,"[0.861952861953, 0.864773495605, 0.74921630094, 0.77207977208]"
4,1,Gabungan 6 Fitur,SVM (RBF),0.9280840862990964,0.05228636134522524,"[1.0, 0.918864097363, 0.87460815047, 0.918864097363]"
4,1,Gabungan 6 Fitur,Random Forest,0.9197590171984089,0.062498592763355336,"[1.0, 0.918864097363, 0.847444698703, 0.912727272727]"
4,2,Edge/Morfologi,Logistic Regression,0.7724604480699241,0.04958064346649021,"[0.706571242681, 0.810682893847, 0.761904761905, 0.810682893847]"
4,2,Edge/Morfologi,SVM (RBF),0.786909591422776,0.027469455464909184,"[0.764367816092, 0.810682893847, 0.761904761905, 0.810682893847]"
4,2,Edge/Morfologi,Random Forest,0.7476567812951717,0.09164009932705806,"[0.737179487179, 0.860237596087, 0.636617749825, 0.756592292089]"
4,2,Tekstur,Logistic Regression,0.7413299017704051,0.0486169325528379,"[0.696296296296, 0.786422578185, 0.702380952381, 0.78021978022]"
4,2,Tekstur,SVM (RBF),0.8454403548396683,0.08308734055213236,"[0.913684210526, 0.908466819222, 0.821428571429, 0.738181818182]"
4,2,Tekstur,Random Forest,0.8147531923003621,0.05710515536772438,"[0.861952861953, 0.854545454545, 0.738181818182, 0.804332634521]"
4,2,Frekuensi,Logistic Regression,0.5899908625730994,0.07914688470757136,"[0.64125, 0.669841269841, 0.548872180451, 0.5]"
4,2,Frekuensi,SVM (RBF),0.5817898992317597,0.065644951076975,"[0.641077441077, 0.568253968254, 0.622878692646, 0.494949494949]"
4,2,Frekuensi,Random Forest,0.6440630163002814,0.040126089124429165,"[0.646551724138, 0.642857142857, 0.692522711391, 0.594320486815]"
4,2,Gabungan 6 Fitur,Logistic Regression,0.8279654099953085,0.04819152788284612,"[0.75992192583, 0.854545454545, 0.82905982906, 0.868334430546]"
4,2,Gabungan 6 Fitur,SVM (RBF),0.9157407095663439,0.061425300058288494,"[0.919973975277, 0.970909090909, 0.94301994302, 0.82905982906]"
4,2,Gabungan 6 Fitur,Random Forest,0.9072399351172936,0.049345156249959214,"[0.887362637363, 0.970909090909, 0.916142557652, 0.854545454545]"
4,3,Edge/Morfologi,Logistic Regression,0.7539915025812052,0.03360175667706761,"[0.709443099274, 0.786666666667, 0.771428571429, 0.748427672956]"
4,3,Edge/Morfologi,SVM (RBF),0.7621963856354763,0.053358054632055965,"[0.74921630094, 0.796363636364, 0.810682893847, 0.692522711391]"
4,3,Edge/Morfologi,Random Forest,0.7528572077288431,0.02258163379652959,"[0.725400457666, 0.78021978022, 0.756592292089, 0.74921630094]"
4,3,Tekstur,Logistic Regression,0.7041380695841841,0.11208383793171439,"[0.761904761905, 0.644874899112, 0.82905982906, 0.58071278826]"
4,3,Tekstur,SVM (RBF),0.789105644546148,0.07296150281214768,"[0.880952380952, 0.702380952381, 0.786666666667, 0.786422578185]"
4,3,Tekstur,Random Forest,0.7836945083406991,0.08776861504061588,"[0.908466819222, 0.761904761905, 0.702501690331, 0.761904761905]"
4,3,Frekuensi,Logistic Regression,0.44308127491498966,0.13049043213493758,"[0.252095422308, 0.522313010685, 0.466666666667, 0.53125]"
4,3,Frekuensi,SVM (RBF),0.6147924895764758,0.10721987316166925,"[0.739583333333, 0.605003291639, 0.479166666667, 0.635416666667]"
4,3,Frekuensi,Random Forest,0.6081031133843025,0.11674409774279633,"[0.78021978022, 0.58071278826, 0.53125, 0.540229885057]"
4,3,Gabungan 6 Fitur,Logistic Regression,0.8329880403284659,0.03572751229023105,"[0.880952380952, 0.835164835165, 0.819471308833, 0.796363636364]"
4,3,Gabungan 6 Fitur,SVM (RBF),0.9002849002849003,0.05455425115420735,"[0.94301994302, 0.82905982906, 0.94301994302, 0.88603988604]"
4,3,Gabungan 6 Fitur,Random Forest,0.8935511553436082,0.05711330787165725,"[0.972047519217, 0.880952380952, 0.835164835165, 0.88603988604]"
4,4,Edge/Morfologi,Logistic Regression,0.7615196614724568,0.05211232300898743,"[0.751515151515, 0.82905982906, 0.763001974984, 0.702501690331]"
4,4,Edge/Morfologi,SVM (RBF),0.7558337551452263,0.06165287834222232,"[0.735483870968, 0.821428571429, 0.786422578185, 0.68]"
4,4,Edge/Morfologi,Random Forest,0.7123839856571788,0.08172681171779493,"[0.623224728488, 0.821428571429, 0.702380952381, 0.702501690331]"
4,4,Tekstur,Logistic Regression,0.7283011057697399,0.07207700506597343,"[0.741052631579, 0.761904761905, 0.786422578185, 0.623824451411]"
4,4,Tekstur,SVM (RBF),0.7973701831243935,0.03149115104637199,"[0.76660341556, 0.821428571429, 0.827437446074, 0.774011299435]"
4,4,Tekstur,Random Forest,0.7673155420426389,0.013767246792692254,"[0.76660341556, 0.748427672956, 0.774011299435, 0.78021978022]"
4,4,Frekuensi,Logistic Regression,0.5060503970899508,0.13205472747560157,"[0.59, 0.323867478026, 0.615384615385, 0.494949494949]"
4,4,Frekuensi,SVM (RBF),0.6579048600391505,0.04827633947193438,"[0.6925, 0.702501690331, 0.636617749825, 0.6]"
4,4,Frekuensi,Random Forest,0.6623232111674072,0.09664541933100237,"[0.585858585859, 0.58071278826, 0.702501690331, 0.78021978022]"
4,4,Gabungan 6 Fitur,Logistic Regression,0.8264507993913028,0.055134918984545804,"[0.774725274725, 0.854545454545, 0.89010989011, 0.786422578185]"
4,4,Gabungan 6 Fitur,SVM (RBF),0.9284428063201648,0.03877351508187005,"[0.945767195767, 0.916142557652, 0.880952380952, 0.970909090909]"
4,4,Gabungan 6 Fitur,Random Forest,0.9423713777487362,0.053797318150819236,"[0.972390572391, 0.916142557652, 0.880952380952, 1.0]"
4,5,Edge/Morfologi,Logistic Regression,0.8324684574684573,0.04561412915816739,"[0.891534391534, 0.82905982906, 0.78021978022, 0.82905982906]"
4,5,Edge/Morfologi,SVM (RBF),0.8119205188170706,0.06548885248897884,"[0.861952861953, 0.74921630094, 0.761904761905, 0.87460815047]"
4,5,Edge/Morfologi,Random Forest,0.8062418887890586,0.032479564208363294,"[0.837301587302, 0.761904761905, 0.821428571429, 0.804332634521]"
4,5,Tekstur,Logistic Regression,0.7568360082093457,0.08916343778043177,"[0.788504053058, 0.804332634521, 0.810682893847, 0.623824451411]"
4,5,Tekstur,SVM (RBF),0.7975175179789784,0.0925328837694719,"[0.882183908046, 0.864773495605, 0.756592292089, 0.686520376176]"
4,5,Tekstur,Random Forest,0.7688678893262935,0.0832250706533304,"[0.856140350877, 0.815668202765, 0.67032967033, 0.733333333333]"
4,5,Frekuensi,Logistic Regression,0.5870034064648508,0.04390157955327039,"[0.607655502392, 0.598997493734, 0.619047619048, 0.522313010685]"
4,5,Frekuensi,SVM (RBF),0.5828579115653184,0.06887642503098765,"[0.568954854669, 0.598997493734, 0.66473243069, 0.498746867168]"
4,5,Frekuensi,Random Forest,0.5968573469432267,0.08036429540520744,"[0.507273877293, 0.594320486815, 0.583333333333, 0.702501690331]"
4,5,Gabungan 6 Fitur,Logistic Regression,0.8672362822362822,0.020908024615271078,"[0.861952861953, 0.88603988604, 0.84, 0.880952380952]"
4,5,Gabungan 6 Fitur,SVM (RBF),0.8980240591802457,0.0732025857741178,"[0.972390572391, 0.94301994302, 0.864773495605, 0.811912225705]"
4,5,Gabungan 6 Fitur,Random Forest,0.9216181966181966,0.04352145384138528,"[0.972390572391, 0.94301994302, 0.89010989011, 0.880952380952]"
5,1,Edge/Morfologi,Logistic Regression,0.7847505394675206,0.07917608974001794,"[0.78021978022, 0.78021978022, 0.692522711391, 0.88603988604]"
5,1,Edge/Morfologi,SVM (RBF),0.7857359307359306,0.04233693197787159,"[0.761904761905, 0.738181818182, 0.821428571429, 0.821428571429]"
5,1,Edge/Morfologi,Random Forest,0.7892160617160617,0.07585057551039115,"[0.77207977208, 0.796363636364, 0.702380952381, 0.88603988604]"
5,1,Tekstur,Logistic Regression,0.7452442002442001,0.08842248645269767,"[0.68, 0.65811965812, 0.821428571429, 0.821428571429]"
5,1,Tekstur,SVM (RBF),0.8025699208722394,0.03269678217629885,"[0.786422578185, 0.77207977208, 0.847444698703, 0.804332634521]"
5,1,Tekstur,Random Forest,0.8055709210585942,0.021045713989237262,"[0.804332634521, 0.786422578185, 0.796363636364, 0.835164835165]"
5,1,Frekuensi,Logistic Regression,0.45850057087379603,0.11024219847447528,"[0.568253968254, 0.316239316239, 0.51746031746, 0.432048681542]"
5,1,Frekuensi,SVM (RBF),0.6003002324553258,0.12330213521547662,"[0.748427672956, 0.646464646465, 0.466666666667, 0.539641943734]"
5,1,Frekuensi,Random Forest,0.5693461410003753,0.009159512799351364,"[0.56043956044, 0.572595851666, 0.58071278826, 0.563636363636]"
5,1,Gabungan 6 Fitur,Logistic Regression,0.8020960520960521,0.05806891767757534,"[0.835164835165, 0.7150997151, 0.82905982906, 0.82905982906]"
5,1,Gabungan 6 Fitur,SVM (RBF),0.8876164092865841,0.055685895811694974,"[0.864773495605, 0.854545454545, 0.970909090909, 0.860237596087]"
5,1,Gabungan 6 Fitur,Random Forest,0.8794435922582375,0.021332595703305035,"[0.89010989011, 0.847444698703, 0.89010989011, 0.89010989011]"
5,2,Edge/Morfologi,Logistic Regression,0.7486116904342125,0.042367895561352426,"[0.7150997151, 0.795, 0.774011299435, 0.710335747202]"
5,2,Edge/Morfologi,SVM (RBF),0.7323112235618887,0.05237279868581846,"[0.786422578185, 0.670377241806, 0.709443099274, 0.763001974984]"
5,2,Edge/Morfologi,Random Forest,0.7345545070121342,0.044500148992863045,"[0.709443099274, 0.684615384615, 0.77207977208, 0.77207977208]"
5,2,Tekstur,Logistic Regression,0.76578849001512,0.07499597616927454,"[0.835164835165, 0.667649226234, 0.811912225705, 0.748427672956]"
5,2,Tekstur,SVM (RBF),0.8297558833944243,0.031623321069362095,"[0.854545454545, 0.788504053058, 0.821428571429, 0.854545454545]"
5,2,Tekstur,Random Forest,0.7518698490161275,0.06563182650913686,"[0.821428571429, 0.667649226234, 0.738181818182, 0.78021978022]"
5,2,Frekuensi,Logistic Regression,0.42271028730331056,0.08582096530482303,"[0.314285714286, 0.440909090909, 0.413333333333, 0.522313010685]"
5,2,Frekuensi,SVM (RBF),0.6330713319810684,0.054027772100797365,"[0.702501690331, 0.598039215686, 0.648411088573, 0.583333333333]"
5,2,Frekuensi,Random Forest,0.6437393162393162,0.049447371883998274,"[0.626666666667, 0.632051282051, 0.7150997151, 0.60113960114]"
5,2,Gabungan 6 Fitur,Logistic Regression,0.8519063387996375,0.07342990440652068,"[0.84, 0.764367816092, 0.94301994302, 0.860237596087]"
5,2,Gabungan 6 Fitur,SVM (RBF),0.9020400895400895,0.025729617928561904,"[0.88603988604, 0.891534391534, 0.940476190476, 0.89010989011]"
5,2,Gabungan 6 Fitur,Random Forest,0.9162739108986574,0.02335923525730305,"[0.918864097363, 0.917171717172, 0.88603988604, 0.94301994302]"
5,3,Edge/Morfologi,Logistic Regression,0.8215798263976125,0.0856131120997405,"[0.788504053058, 0.945054945055, 0.748427672956, 0.804332634521]"
5,3,Edge/Morfologi,SVM (RBF),0.7800398270607459,0.09010047553530356,"[0.775956284153, 0.908466819222, 0.725400457666, 0.710335747202]"
5,3,Edge/Morfologi,Random Forest,0.7405778872944772,0.0698163477420409,"[0.813636363636, 0.710335747202, 0.65811965812, 0.78021978022]"
5,3,Tekstur,Logistic Regression,0.7267390280637194,0.07891542903277847,"[0.798596491228, 0.786422578185, 0.635416666667, 0.686520376176]"
5,3,Tekstur,SVM (RBF),0.8085425767977255,0.0289088886896937,"[0.813636363636, 0.847444698703, 0.786666666667, 0.786422578185]"
5,3,Tekstur,Random Forest,0.8108237044622453,0.07985191292963878,"[0.788504053058, 0.912727272727, 0.720634920635, 0.821428571429]"
5,3,Frekuensi,Logistic Regression,0.4592141642939095,0.16747111309956092,"[0.662871600253, 0.448621553885, 0.253333333333, 0.472030169705]"
5,3,Frekuensi,SVM (RBF),0.6157463395964217,0.12397019494509381,"[0.714737507906, 0.574734208881, 0.7150997151, 0.458413926499]"
5,3,Frekuensi,Random Forest,0.6437499048819804,0.10229565329246273,"[0.641077441077, 0.748427672956, 0.68, 0.505494505495]"
5,3,Gabungan 6 Fitur,Logistic Regression,0.8525625402562078,0.07717367673137705,"[0.823275862069, 0.94301994302, 0.763001974984, 0.880952380952]"
5,3,Gabungan 6 Fitur,SVM (RBF),0.930353579064469,0.051516176684103104,"[0.913684210526, 0.970909090909, 0.864773495605, 0.972047519217]"
5,3,Gabungan 6 Fitur,Random Forest,0.94991519091817,0.027633386669652246,"[0.913684210526, 0.970909090909, 0.94301994302, 0.972047519217]"
5,4,Edge/Morfologi,Logistic Regression,0.7699710448210194,0.04902143639356044,"[0.788504053058, 0.811912225705, 0.699248120301, 0.78021978022]"
5,4,Edge/Morfologi,SVM (RBF),0.7884372665061491,0.07017923409203973,"[0.696296296296, 0.838579499596, 0.771428571429, 0.847444698703]"
5,4,Edge/Morfologi,Random Forest,0.8008865110415818,0.03965285445233356,"[0.774725274725, 0.761904761905, 0.819471308833, 0.847444698703]"
5,4,Tekstur,Logistic Regression,0.7778505871714466,0.06676763205051664,"[0.856140350877, 0.748427672956, 0.702501690331, 0.804332634521]"
5,4,Tekstur,SVM (RBF),0.8197679172679173,0.02536321522588872,"[0.806734006734, 0.854545454545, 0.796363636364, 0.821428571429]"
5,4,Tekstur,Random Forest,0.8146850753192464,0.05365079134102409,"[0.823275862069, 0.786422578185, 0.763001974984, 0.88603988604]"
5,4,Frekuensi,Logistic Regression,0.5853659657717054,0.04993387250494391,"[0.526443768997, 0.572595851666, 0.59595959596, 0.646464646465]"
5,4,Frekuensi,SVM (RBF),0.6023875187319324,0.03680347650465309,"[0.559139784946, 0.590792838875, 0.613152804642, 0.646464646465]"
5,4,Frekuensi,Random Forest,0.6387512218963831,0.07815395039482949,"[0.568954854669, 0.573333333333, 0.702380952381, 0.710335747202]"
5,4,Gabungan 6 Fitur,Logistic Regression,0.9006992581369255,0.04925111716942625,"[0.84893146647, 0.940476190476, 0.868334430546, 0.945054945055]"
5,4,Gabungan 6 Fitur,SVM (RBF),0.9021613756085478,0.06534885534897011,"[0.84893146647, 0.970909090909, 0.84375, 0.945054945055]"
5,4,Gabungan 6 Fitur,Random Forest,0.9159972104156475,0.036845584695449775,"[0.913684210526, 0.940476190476, 0.864773495605, 0.945054945055]"
5,5,Edge/Morfologi,Logistic Regression,0.7633875176622817,0.10208352416021993,"[0.728835978836, 0.635416666667, 0.82905982906, 0.860237596087]"
5,5,Edge/Morfologi,SVM (RBF),0.7507217163102353,0.04179359123208273,"[0.774725274725, 0.692522711391, 0.74921630094, 0.786422578185]"
5,5,Edge/Morfologi,Random Forest,0.8079904423751144,0.027868145804803932,"[0.84893146647, 0.786666666667, 0.8, 0.796363636364]"
5,5,Tekstur,Logistic Regression,0.764910337108613,0.049587944564611734,"[0.823275862069, 0.702380952381, 0.77207977208, 0.761904761905]"
5,5,Tekstur,SVM (RBF),0.8479801656298933,0.0463834561531244,"[0.856140350877, 0.78021978022, 0.880952380952, 0.87460815047]"
5,5,Tekstur,Random Forest,0.8533993148981708,0.021560401605174688,"[0.856140350877, 0.82905982906, 0.880952380952, 0.847444698703]"
5,5,Frekuensi,Logistic Regression,0.5332650536597905,0.15573215084391695,"[0.684615384615, 0.316239316239, 0.583333333333, 0.548872180451]"
5,5,Frekuensi,SVM (RBF),0.6036411927189416,0.04294339714293747,"[0.653220559532, 0.55, 0.615384615385, 0.59595959596]"
5,5,Frekuensi,Random Forest,0.5440089118461303,0.07316869850094927,"[0.549450549451, 0.641943734015, 0.515738498789, 0.468902865129]"
5,5,Gabungan 6 Fitur,Logistic Regression,0.8073411913034554,0.05399771778945092,"[0.806734006734, 0.733333333333, 0.860237596087, 0.82905982906]"
5,5,Gabungan 6 Fitur,SVM (RBF),0.9368552739800204,0.025059251973395782,"[0.917171717172, 0.918864097363, 0.940476190476, 0.970909090909]"
5,5,Gabungan 6 Fitur,Random Forest,0.9249368880240105,0.07391284960269998,"[0.943681318681, 0.815668202765, 0.969488939741, 0.970909090909]"
