repeat,outer_fold,inner_fold,phase,kelas,is_augmented,instances
1,1,1,inner_selection,batik,False,82
1,1,1,inner_selection,batik,True,118
1,1,1,inner_selection,non_batik,False,38
1,1,1,inner_selection,non_batik,True,162
1,1,2,inner_selection,batik,False,83
1,1,2,inner_selection,batik,True,117
1,1,2,inner_selection,non_batik,False,38
1,1,2,inner_selection,non_batik,True,162
1,1,3,inner_selection,batik,False,83
1,1,3,inner_selection,batik,True,117
1,1,3,inner_selection,non_batik,False,38
1,1,3,inner_selection,non_batik,True,162
1,1,4,inner_selection,batik,False,82
1,1,4,inner_selection,batik,True,118
1,1,4,inner_selection,non_batik,False,39
1,1,4,inner_selection,non_batik,True,161
1,1,all,outer_fit,batik,False,110
1,1,all,outer_fit,batik,True,90
1,1,all,outer_fit,non_batik,False,51
1,1,all,outer_fit,non_batik,True,149
1,2,1,inner_selection,batik,False,82
1,2,1,inner_selection,batik,True,118
1,2,1,inner_selection,non_batik,False,38
1,2,1,inner_selection,non_batik,True,162
1,2,2,inner_selection,batik,False,83
1,2,2,inner_selection,batik,True,117
1,2,2,inner_selection,non_batik,False,38
1,2,2,inner_selection,non_batik,True,162
1,2,3,inner_selection,batik,False,82
1,2,3,inner_selection,batik,True,118
1,2,3,inner_selection,non_batik,False,39
1,2,3,inner_selection,non_batik,True,161
1,2,4,inner_selection,batik,False,83
1,2,4,inner_selection,batik,True,117
1,2,4,inner_selection,non_batik,False,38
1,2,4,inner_selection,non_batik,True,162
1,2,all,outer_fit,batik,False,110
1,2,all,outer_fit,batik,True,90
1,2,all,outer_fit,non_batik,False,51
1,2,all,outer_fit,non_batik,True,149
1,3,1,inner_selection,batik,False,82
1,3,1,inner_selection,batik,True,118
1,3,1,inner_selection,non_batik,False,38
1,3,1,inner_selection,non_batik,True,162
1,3,2,inner_selection,batik,False,82
1,3,2,inner_selection,batik,True,118
1,3,2,inner_selection,non_batik,False,38
1,3,2,inner_selection,non_batik,True,162
1,3,3,inner_selection,batik,False,81
1,3,3,inner_selection,batik,True,119
1,3,3,inner_selection,non_batik,False,39
1,3,3,inner_selection,non_batik,True,161
1,3,4,inner_selection,batik,False,82
1,3,4,inner_selection,batik,True,118
1,3,4,inner_selection,non_batik,False,38
1,3,4,inner_selection,non_batik,True,162
1,3,all,outer_fit,batik,False,109
1,3,all,outer_fit,batik,True,91
1,3,all,outer_fit,non_batik,False,51
1,3,all,outer_fit,non_batik,True,149
1,4,1,inner_selection,batik,False,81
1,4,1,inner_selection,batik,True,119
1,4,1,inner_selection,non_batik,False,39
1,4,1,inner_selection,non_batik,True,161
1,4,2,inner_selection,batik,False,82
1,4,2,inner_selection,batik,True,118
1,4,2,inner_selection,non_batik,False,39
1,4,2,inner_selection,non_batik,True,161
1,4,3,inner_selection,batik,False,82
1,4,3,inner_selection,batik,True,118
1,4,3,inner_selection,non_batik,False,39
1,4,3,inner_selection,non_batik,True,161
1,4,4,inner_selection,batik,False,82
1,4,4,inner_selection,batik,True,118
1,4,4,inner_selection,non_batik,False,39
1,4,4,inner_selection,non_batik,True,161
1,4,all,outer_fit,batik,False,109
1,4,all,outer_fit,batik,True,91
1,4,all,outer_fit,non_batik,False,52
1,4,all,outer_fit,non_batik,True,148
1,5,1,inner_selection,batik,False,82
1,5,1,inner_selection,batik,True,118
1,5,1,inner_selection,non_batik,False,38
1,5,1,inner_selection,non_batik,True,162
1,5,2,inner_selection,batik,False,83
1,5,2,inner_selection,batik,True,117
1,5,2,inner_selection,non_batik,False,38
1,5,2,inner_selection,non_batik,True,162
1,5,3,inner_selection,batik,False,82
1,5,3,inner_selection,batik,True,118
1,5,3,inner_selection,non_batik,False,39
1,5,3,inner_selection,non_batik,True,161
1,5,4,inner_selection,batik,False,83
1,5,4,inner_selection,batik,True,117
1,5,4,inner_selection,non_batik,False,38
1,5,4,inner_selection,non_batik,True,162
1,5,all,outer_fit,batik,False,110
1,5,all,outer_fit,batik,True,90
1,5,all,outer_fit,non_batik,False,51
1,5,all,outer_fit,non_batik,True,149
2,1,1,inner_selection,batik,False,82
2,1,1,inner_selection,batik,True,118
2,1,1,inner_selection,non_batik,False,38
2,1,1,inner_selection,non_batik,True,162
2,1,2,inner_selection,batik,False,83
2,1,2,inner_selection,batik,True,117
2,1,2,inner_selection,non_batik,False,38
2,1,2,inner_selection,non_batik,True,162
2,1,3,inner_selection,batik,False,83
2,1,3,inner_selection,batik,True,117
2,1,3,inner_selection,non_batik,False,38
2,1,3,inner_selection,non_batik,True,162
2,1,4,inner_selection,batik,False,82
2,1,4,inner_selection,batik,True,118
2,1,4,inner_selection,non_batik,False,39
2,1,4,inner_selection,non_batik,True,161
2,1,all,outer_fit,batik,False,110
2,1,all,outer_fit,batik,True,90
2,1,all,outer_fit,non_batik,False,51
2,1,all,outer_fit,non_batik,True,149
2,2,1,inner_selection,batik,False,82
2,2,1,inner_selection,batik,True,118
2,2,1,inner_selection,non_batik,False,39
2,2,1,inner_selection,non_batik,True,161
2,2,2,inner_selection,batik,False,82
2,2,2,inner_selection,batik,True,118
2,2,2,inner_selection,non_batik,False,38
2,2,2,inner_selection,non_batik,True,162
2,2,3,inner_selection,batik,False,83
2,2,3,inner_selection,batik,True,117
2,2,3,inner_selection,non_batik,False,38
2,2,3,inner_selection,non_batik,True,162
2,2,4,inner_selection,batik,False,83
2,2,4,inner_selection,batik,True,117
2,2,4,inner_selection,non_batik,False,38
2,2,4,inner_selection,non_batik,True,162
2,2,all,outer_fit,batik,False,110
2,2,all,outer_fit,batik,True,90
2,2,all,outer_fit,non_batik,False,51
2,2,all,outer_fit,non_batik,True,149
2,3,1,inner_selection,batik,False,82
2,3,1,inner_selection,batik,True,118
2,3,1,inner_selection,non_batik,False,38
2,3,1,inner_selection,non_batik,True,162
2,3,2,inner_selection,batik,False,82
2,3,2,inner_selection,batik,True,118
2,3,2,inner_selection,non_batik,False,38
2,3,2,inner_selection,non_batik,True,162
2,3,3,inner_selection,batik,False,82
2,3,3,inner_selection,batik,True,118
2,3,3,inner_selection,non_batik,False,38
2,3,3,inner_selection,non_batik,True,162
2,3,4,inner_selection,batik,False,81
2,3,4,inner_selection,batik,True,119
2,3,4,inner_selection,non_batik,False,39
2,3,4,inner_selection,non_batik,True,161
2,3,all,outer_fit,batik,False,109
2,3,all,outer_fit,batik,True,91
2,3,all,outer_fit,non_batik,False,51
2,3,all,outer_fit,non_batik,True,149
2,4,1,inner_selection,batik,False,81
2,4,1,inner_selection,batik,True,119
2,4,1,inner_selection,non_batik,False,39
2,4,1,inner_selection,non_batik,True,161
2,4,2,inner_selection,batik,False,82
2,4,2,inner_selection,batik,True,118
2,4,2,inner_selection,non_batik,False,39
2,4,2,inner_selection,non_batik,True,161
2,4,3,inner_selection,batik,False,82
2,4,3,inner_selection,batik,True,118
2,4,3,inner_selection,non_batik,False,39
2,4,3,inner_selection,non_batik,True,161
2,4,4,inner_selection,batik,False,82
2,4,4,inner_selection,batik,True,118
2,4,4,inner_selection,non_batik,False,39
2,4,4,inner_selection,non_batik,True,161
2,4,all,outer_fit,batik,False,109
2,4,all,outer_fit,batik,True,91
2,4,all,outer_fit,non_batik,False,52
2,4,all,outer_fit,non_batik,True,148
2,5,1,inner_selection,batik,False,82
2,5,1,inner_selection,batik,True,118
2,5,1,inner_selection,non_batik,False,38
2,5,1,inner_selection,non_batik,True,162
2,5,2,inner_selection,batik,False,83
2,5,2,inner_selection,batik,True,117
2,5,2,inner_selection,non_batik,False,38
2,5,2,inner_selection,non_batik,True,162
2,5,3,inner_selection,batik,False,82
2,5,3,inner_selection,batik,True,118
2,5,3,inner_selection,non_batik,False,39
2,5,3,inner_selection,non_batik,True,161
2,5,4,inner_selection,batik,False,83
2,5,4,inner_selection,batik,True,117
2,5,4,inner_selection,non_batik,False,38
2,5,4,inner_selection,non_batik,True,162
2,5,all,outer_fit,batik,False,110
2,5,all,outer_fit,batik,True,90
2,5,all,outer_fit,non_batik,False,51
2,5,all,outer_fit,non_batik,True,149
3,1,1,inner_selection,batik,False,82
3,1,1,inner_selection,batik,True,118
3,1,1,inner_selection,non_batik,False,38
3,1,1,inner_selection,non_batik,True,162
3,1,2,inner_selection,batik,False,82
3,1,2,inner_selection,batik,True,118
3,1,2,inner_selection,non_batik,False,38
3,1,2,inner_selection,non_batik,True,162
3,1,3,inner_selection,batik,False,82
3,1,3,inner_selection,batik,True,118
3,1,3,inner_selection,non_batik,False,38
3,1,3,inner_selection,non_batik,True,162
3,1,4,inner_selection,batik,False,81
3,1,4,inner_selection,batik,True,119
3,1,4,inner_selection,non_batik,False,39
3,1,4,inner_selection,non_batik,True,161
3,1,all,outer_fit,batik,False,109
3,1,all,outer_fit,batik,True,91
3,1,all,outer_fit,non_batik,False,51
3,1,all,outer_fit,non_batik,True,149
3,2,1,inner_selection,batik,False,82
3,2,1,inner_selection,batik,True,118
3,2,1,inner_selection,non_batik,False,39
3,2,1,inner_selection,non_batik,True,161
3,2,2,inner_selection,batik,False,82
3,2,2,inner_selection,batik,True,118
3,2,2,inner_selection,non_batik,False,38
3,2,2,inner_selection,non_batik,True,162
3,2,3,inner_selection,batik,False,83
3,2,3,inner_selection,batik,True,117
3,2,3,inner_selection,non_batik,False,38
3,2,3,inner_selection,non_batik,True,162
3,2,4,inner_selection,batik,False,83
3,2,4,inner_selection,batik,True,117
3,2,4,inner_selection,non_batik,False,38
3,2,4,inner_selection,non_batik,True,162
3,2,all,outer_fit,batik,False,110
3,2,all,outer_fit,batik,True,90
3,2,all,outer_fit,non_batik,False,51
3,2,all,outer_fit,non_batik,True,149
3,3,1,inner_selection,batik,False,82
3,3,1,inner_selection,batik,True,118
3,3,1,inner_selection,non_batik,False,38
3,3,1,inner_selection,non_batik,True,162
3,3,2,inner_selection,batik,False,83
3,3,2,inner_selection,batik,True,117
3,3,2,inner_selection,non_batik,False,38
3,3,2,inner_selection,non_batik,True,162
3,3,3,inner_selection,batik,False,82
3,3,3,inner_selection,batik,True,118
3,3,3,inner_selection,non_batik,False,39
3,3,3,inner_selection,non_batik,True,161
3,3,4,inner_selection,batik,False,83
3,3,4,inner_selection,batik,True,117
3,3,4,inner_selection,non_batik,False,38
3,3,4,inner_selection,non_batik,True,162
3,3,all,outer_fit,batik,False,110
3,3,all,outer_fit,batik,True,90
3,3,all,outer_fit,non_batik,False,51
3,3,all,outer_fit,non_batik,True,149
3,4,1,inner_selection,batik,False,81
3,4,1,inner_selection,batik,True,119
3,4,1,inner_selection,non_batik,False,39
3,4,1,inner_selection,non_batik,True,161
3,4,2,inner_selection,batik,False,82
3,4,2,inner_selection,batik,True,118
3,4,2,inner_selection,non_batik,False,39
3,4,2,inner_selection,non_batik,True,161
3,4,3,inner_selection,batik,False,82
3,4,3,inner_selection,batik,True,118
3,4,3,inner_selection,non_batik,False,39
3,4,3,inner_selection,non_batik,True,161
3,4,4,inner_selection,batik,False,82
3,4,4,inner_selection,batik,True,118
3,4,4,inner_selection,non_batik,False,39
3,4,4,inner_selection,non_batik,True,161
3,4,all,outer_fit,batik,False,109
3,4,all,outer_fit,batik,True,91
3,4,all,outer_fit,non_batik,False,52
3,4,all,outer_fit,non_batik,True,148
3,5,1,inner_selection,batik,False,82
3,5,1,inner_selection,batik,True,118
3,5,1,inner_selection,non_batik,False,39
3,5,1,inner_selection,non_batik,True,161
3,5,2,inner_selection,batik,False,82
3,5,2,inner_selection,batik,True,118
3,5,2,inner_selection,non_batik,False,38
3,5,2,inner_selection,non_batik,True,162
3,5,3,inner_selection,batik,False,83
3,5,3,inner_selection,batik,True,117
3,5,3,inner_selection,non_batik,False,38
3,5,3,inner_selection,non_batik,True,162
3,5,4,inner_selection,batik,False,83
3,5,4,inner_selection,batik,True,117
3,5,4,inner_selection,non_batik,False,38
3,5,4,inner_selection,non_batik,True,162
3,5,all,outer_fit,batik,False,110
3,5,all,outer_fit,batik,True,90
3,5,all,outer_fit,non_batik,False,51
3,5,all,outer_fit,non_batik,True,149
4,1,1,inner_selection,batik,False,82
4,1,1,inner_selection,batik,True,118
4,1,1,inner_selection,non_batik,False,38
4,1,1,inner_selection,non_batik,True,162
4,1,2,inner_selection,batik,False,83
4,1,2,inner_selection,batik,True,117
4,1,2,inner_selection,non_batik,False,38
4,1,2,inner_selection,non_batik,True,162
4,1,3,inner_selection,batik,False,82
4,1,3,inner_selection,batik,True,118
4,1,3,inner_selection,non_batik,False,39
4,1,3,inner_selection,non_batik,True,161
4,1,4,inner_selection,batik,False,83
4,1,4,inner_selection,batik,True,117
4,1,4,inner_selection,non_batik,False,38
4,1,4,inner_selection,non_batik,True,162
4,1,all,outer_fit,batik,False,110
4,1,all,outer_fit,batik,True,90
4,1,all,outer_fit,non_batik,False,51
4,1,all,outer_fit,non_batik,True,149
4,2,1,inner_selection,batik,False,81
4,2,1,inner_selection,batik,True,119
4,2,1,inner_selection,non_batik,False,39
4,2,1,inner_selection,non_batik,True,161
4,2,2,inner_selection,batik,False,82
4,2,2,inner_selection,batik,True,118
4,2,2,inner_selection,non_batik,False,39
4,2,2,inner_selection,non_batik,True,161
4,2,3,inner_selection,batik,False,82
4,2,3,inner_selection,batik,True,118
4,2,3,inner_selection,non_batik,False,39
4,2,3,inner_selection,non_batik,True,161
4,2,4,inner_selection,batik,False,82
4,2,4,inner_selection,batik,True,118
4,2,4,inner_selection,non_batik,False,39
4,2,4,inner_selection,non_batik,True,161
4,2,all,outer_fit,batik,False,109
4,2,all,outer_fit,batik,True,91
4,2,all,outer_fit,non_batik,False,52
4,2,all,outer_fit,non_batik,True,148
4,3,1,inner_selection,batik,False,82
4,3,1,inner_selection,batik,True,118
4,3,1,inner_selection,non_batik,False,38
4,3,1,inner_selection,non_batik,True,162
4,3,2,inner_selection,batik,False,82
4,3,2,inner_selection,batik,True,118
4,3,2,inner_selection,non_batik,False,38
4,3,2,inner_selection,non_batik,True,162
4,3,3,inner_selection,batik,False,82
4,3,3,inner_selection,batik,True,118
4,3,3,inner_selection,non_batik,False,38
4,3,3,inner_selection,non_batik,True,162
4,3,4,inner_selection,batik,False,81
4,3,4,inner_selection,batik,True,119
4,3,4,inner_selection,non_batik,False,39
4,3,4,inner_selection,non_batik,True,161
4,3,all,outer_fit,batik,False,109
4,3,all,outer_fit,batik,True,91
4,3,all,outer_fit,non_batik,False,51
4,3,all,outer_fit,non_batik,True,149
4,4,1,inner_selection,batik,False,82
4,4,1,inner_selection,batik,True,118
4,4,1,inner_selection,non_batik,False,38
4,4,1,inner_selection,non_batik,True,162
4,4,2,inner_selection,batik,False,83
4,4,2,inner_selection,batik,True,117
4,4,2,inner_selection,non_batik,False,38
4,4,2,inner_selection,non_batik,True,162
4,4,3,inner_selection,batik,False,82
4,4,3,inner_selection,batik,True,118
4,4,3,inner_selection,non_batik,False,39
4,4,3,inner_selection,non_batik,True,161
4,4,4,inner_selection,batik,False,83
4,4,4,inner_selection,batik,True,117
4,4,4,inner_selection,non_batik,False,38
4,4,4,inner_selection,non_batik,True,162
4,4,all,outer_fit,batik,False,110
4,4,all,outer_fit,batik,True,90
4,4,all,outer_fit,non_batik,False,51
4,4,all,outer_fit,non_batik,True,149
4,5,1,inner_selection,batik,False,82
4,5,1,inner_selection,batik,True,118
4,5,1,inner_selection,non_batik,False,38
4,5,1,inner_selection,non_batik,True,162
4,5,2,inner_selection,batik,False,83
4,5,2,inner_selection,batik,True,117
4,5,2,inner_selection,non_batik,False,38
4,5,2,inner_selection,non_batik,True,162
4,5,3,inner_selection,batik,False,83
4,5,3,inner_selection,batik,True,117
4,5,3,inner_selection,non_batik,False,38
4,5,3,inner_selection,non_batik,True,162
4,5,4,inner_selection,batik,False,82
4,5,4,inner_selection,batik,True,118
4,5,4,inner_selection,non_batik,False,39
4,5,4,inner_selection,non_batik,True,161
4,5,all,outer_fit,batik,False,110
4,5,all,outer_fit,batik,True,90
4,5,all,outer_fit,non_batik,False,51
4,5,all,outer_fit,non_batik,True,149
5,1,1,inner_selection,batik,False,82
5,1,1,inner_selection,batik,True,118
5,1,1,inner_selection,non_batik,False,38
5,1,1,inner_selection,non_batik,True,162
5,1,2,inner_selection,batik,False,82
5,1,2,inner_selection,batik,True,118
5,1,2,inner_selection,non_batik,False,38
5,1,2,inner_selection,non_batik,True,162
5,1,3,inner_selection,batik,False,81
5,1,3,inner_selection,batik,True,119
5,1,3,inner_selection,non_batik,False,39
5,1,3,inner_selection,non_batik,True,161
5,1,4,inner_selection,batik,False,82
5,1,4,inner_selection,batik,True,118
5,1,4,inner_selection,non_batik,False,38
5,1,4,inner_selection,non_batik,True,162
5,1,all,outer_fit,batik,False,109
5,1,all,outer_fit,batik,True,91
5,1,all,outer_fit,non_batik,False,51
5,1,all,outer_fit,non_batik,True,149
5,2,1,inner_selection,batik,False,83
5,2,1,inner_selection,batik,True,117
5,2,1,inner_selection,non_batik,False,38
5,2,1,inner_selection,non_batik,True,162
5,2,2,inner_selection,batik,False,82
5,2,2,inner_selection,batik,True,118
5,2,2,inner_selection,non_batik,False,38
5,2,2,inner_selection,non_batik,True,162
5,2,3,inner_selection,batik,False,82
5,2,3,inner_selection,batik,True,118
5,2,3,inner_selection,non_batik,False,39
5,2,3,inner_selection,non_batik,True,161
5,2,4,inner_selection,batik,False,83
5,2,4,inner_selection,batik,True,117
5,2,4,inner_selection,non_batik,False,38
5,2,4,inner_selection,non_batik,True,162
5,2,all,outer_fit,batik,False,110
5,2,all,outer_fit,batik,True,90
5,2,all,outer_fit,non_batik,False,51
5,2,all,outer_fit,non_batik,True,149
5,3,1,inner_selection,batik,False,82
5,3,1,inner_selection,batik,True,118
5,3,1,inner_selection,non_batik,False,38
5,3,1,inner_selection,non_batik,True,162
5,3,2,inner_selection,batik,False,83
5,3,2,inner_selection,batik,True,117
5,3,2,inner_selection,non_batik,False,38
5,3,2,inner_selection,non_batik,True,162
5,3,3,inner_selection,batik,False,82
5,3,3,inner_selection,batik,True,118
5,3,3,inner_selection,non_batik,False,39
5,3,3,inner_selection,non_batik,True,161
5,3,4,inner_selection,batik,False,83
5,3,4,inner_selection,batik,True,117
5,3,4,inner_selection,non_batik,False,38
5,3,4,inner_selection,non_batik,True,162
5,3,all,outer_fit,batik,False,110
5,3,all,outer_fit,batik,True,90
5,3,all,outer_fit,non_batik,False,51
5,3,all,outer_fit,non_batik,True,149
5,4,1,inner_selection,batik,False,81
5,4,1,inner_selection,batik,True,119
5,4,1,inner_selection,non_batik,False,39
5,4,1,inner_selection,non_batik,True,161
5,4,2,inner_selection,batik,False,82
5,4,2,inner_selection,batik,True,118
5,4,2,inner_selection,non_batik,False,39
5,4,2,inner_selection,non_batik,True,161
5,4,3,inner_selection,batik,False,82
5,4,3,inner_selection,batik,True,118
5,4,3,inner_selection,non_batik,False,39
5,4,3,inner_selection,non_batik,True,161
5,4,4,inner_selection,batik,False,82
5,4,4,inner_selection,batik,True,118
5,4,4,inner_selection,non_batik,False,39
5,4,4,inner_selection,non_batik,True,161
5,4,all,outer_fit,batik,False,109
5,4,all,outer_fit,batik,True,91
5,4,all,outer_fit,non_batik,False,52
5,4,all,outer_fit,non_batik,True,148
5,5,1,inner_selection,batik,False,82
5,5,1,inner_selection,batik,True,118
5,5,1,inner_selection,non_batik,False,38
5,5,1,inner_selection,non_batik,True,162
5,5,2,inner_selection,batik,False,83
5,5,2,inner_selection,batik,True,117
5,5,2,inner_selection,non_batik,False,38
5,5,2,inner_selection,non_batik,True,162
5,5,3,inner_selection,batik,False,82
5,5,3,inner_selection,batik,True,118
5,5,3,inner_selection,non_batik,False,39
5,5,3,inner_selection,non_batik,True,161
5,5,4,inner_selection,batik,False,83
5,5,4,inner_selection,batik,True,117
5,5,4,inner_selection,non_batik,False,38
5,5,4,inner_selection,non_batik,True,162
5,5,all,outer_fit,batik,False,110
5,5,all,outer_fit,batik,True,90
5,5,all,outer_fit,non_batik,False,51
5,5,all,outer_fit,non_batik,True,149
