path,bytes,sha256
.gitattributes,145,DE59AA9C40CB796BD3F90A5CCD45525A16588D9B5562734705403264F43DEA44
.gitignore,27,1440B07A08C4CDF4BFE9E15CEBA4CF5773A9ED23404B1D4EE9857D25FB7F4458
01_audit_dataset.py,13852,C9F07E686BB3B0B45F15C8DAA880011ECCBFCE8583044C71E840E14A72405BA3
02_preview_preprocessing.py,2775,399BA59209AAEF8F82397528238805E0ABF4E45D954681C03D655A7C028CFD15
03_augment_dataset.py,7643,0D16CF0593470B2FDB53469BBCA07F97976F55BDCD5E7BD049286097EDDD6DC5
04_preview_augmented.py,2318,4C0F2125A3DF685135EB6DE335C7B12C388DB0039BB0DB166914BD765FC91C8E
05_extract_features.py,3719,34B2E510CA83444D59DD21BAFCA0F36A03D11F6D77088B0EA9C99D282BC20E57
06_feature_analysis.py,4007,9251B788BDB984C278F945D79B4254606664E068FEA3B747BC0198CA30AEE079
07_eval_5fold.py,9378,7619A21032A5AE925E530A8B5266A8213C1597F83924B34510E52FD2D697E708
08_train_external.py,9380,2CD5B9566D49ABDC2B6243C95772D7521CB00599867E33FE39467FADC44D9313
09_tabel_paper.py,5159,EEB9321AFE866DBB214494D971E606A1A56BBE75BAB89ACE6148379554D74A6D
10_analisis_error.py,6280,63EE6EFA35DC56461D94EA7EAF254E43E4E86B5FE0485C61F599F059C0C156FD
11_eval_deep_learning.py,26688,A9775F9049123F8063ABAA4CB9162B92CD8565316EB3F1A7644FAF7AEAAA5628
12_submission_robustness.py,16971,F01B9E4FDD41EDAD7A7BFAB3F7F7587314869A08DEF580C321AB7AEB039C3B92
13_numerical_audit.py,47510,3FE364D7BACE101F2A8ABD0A2B0E8E4A7FE40F85FC45C27F3380909DE0254546
14_perceptual_hash_adjudication.py,19023,6EEB0E4916F545E7A1E2FE3F2083F0315DA0CC2B7087A454EF26C85CF2A38387
14_repeated_nested_augmentation.py,20823,01060EF52BA569FB3C1CC4C07E408D5B06E693D87A3E453468D04CB71E393865
15_validate_repeated_nested.py,8767,F84A3F4431E84E1C0C053408EA1F51A236C38990F49FB7588027382C1537CA0B
16_acquisition_intervention.py,34294,E50F9CE6740803185DE69840A9C80222C9DB3F47A8637E464F999BDF0A63BF8B
17_fold_composition_table.py,7553,84AB874CF9CBD25762339BB20803083D07D8E72B812E905C516088A02769F89B
18_insert_fold_composition_into_manuscript.py,7535,F768212AB7B1F6C3E6154D04A6EC703881355C6741B67D90EFFFA4B837CA533E
19_augmentation_balancing_comparison.py,29144,A8B8C58EECA3B283BA013792F55171AFEADDA442E1FDC39054080948BCAF27E8
22_mark_shifted_table_numbers.py,5097,BFDB217845116DD361CC21210E1C9C419648BBCB45AA8D02637AA254AFDAB6AB
23_insert_balancing_sensitivity.py,10521,91F060337F7BCB4B6C0589939B6B3441795062EEB9D90216D50B45907032A791
24_source_group_adjudication.py,21818,A0AAEDE1126C43C394CA948514993F15008FB808F1EFBD6AC907ECD81F18A5C5
25_model_selection_stability.py,14341,C3D14B053B98D7CD4CD3F623388D80D5E3C76CE67DF717EAF47D104C25052D9C
26_refresh_manuscript_numbers.py,13694,86C3A79B2B7F5A30D00224A0797C0C916B244E2AA14C2AB24A85DBB704528AD1
27_refresh_manuscript_prose.py,36043,5437E9707EC7A51472BCC04BFDB0F2C3D8F719E5AB967A37CD402FCE4AFC571D
28_insert_group_and_selection_tables.py,12199,9B8F088ABF63BAA786426124B7A663FB46DE11774EAC63F348E98D2E85BB2226
29_rebuild_figures.py,14275,CAADCE090EEA73AC775D47E89C633DCA4458C03C43811421ED8E193ADBDEF8F8
30_controlled_ablation.py,31345,CB1E08875330A0F424C5D2F9BB6740FD060E655823D9BB395DA9795E0044CA1C
31_fix_editor_format.py,8352,D36AC9AC289075D712D5A55037E24FF5F6998BA997CE06DF9D1463021F0D17A2
32_insert_controlled_ablation.py,17001,B277A8BE9A5FD9C46EDCF78A220AAA27820C08C5F0F2449E8114D69FCB0EB329
app.py,10803,053D6D9B064CC900BDAE03E5C6B1087ED6F90E57B8722F5BF4E84EB5198E39AA
audit_config/development_exclusions.csv,1063,0E40452770165700EEEC1A6BA36C676D8875B50E79071B42E060B447FF966308
audit_config/source_groups.csv,4681,F1C656C8679CDCE28159320A256F505CDD40ACF607C3AA3DB7440260CE8EAC68
CITATION.cff,1395,4CEFCD182B54EEE94AE4FC9FF72590A5ABEB3BD794642B9D168ACC8725B119E7
hasil_paper/01_audit/approved_exclusion_decisions.csv,1093,A0823C11BC707EE736B957FFD3EDC809E11FBB4E443791D13B7B229F61E23B32
hasil_paper/01_audit/approved_source_group_decisions.csv,4763,1090B6A6427A9DDFDF8BCA791636F0523B0198594F4977B67A74B029D0CD7E88
hasil_paper/01_audit/audit_report.md,893,ED96E6E8D647AB64F696E24D93A8C764D7831E2C4D74F9A1FCC592A4121FABD1
hasil_paper/01_audit/counts_by_subtype.csv,1028,4AE9E0144046DF8813793AE1958C0169FEBDE64FBA860B9C60187E47040A6EE0
hasil_paper/01_audit/development_manifest.csv,40661,09AE7E5D1C9DE02DF52AE8181837C4B36CB121DA0E25880A766A704E835AC719
hasil_paper/01_audit/development_manifest_all.csv,39938,8EDB06F991924CE95C45183FB2D1335BA2DA68F2B4914E008630D110339E1094
hasil_paper/01_audit/duplicate_report.csv,2588,0C1E580CC383F8EBEA71E2C64A496CD1F11736E68731C7B19F39BF72D0F5A45F
hasil_paper/01_audit/excluded_from_analysis.csv,3240,A53814B188AD3782A7C8B4756CC502AFF0B1AC309A27F0C1A72527F0C57C4DE8
hasil_paper/01_audit/external_manifest.csv,11304,3104695FB5F59B943C1F9A2D6CF0AF7AE288B3932D7D2399AF435F1BE8425CE3
hasil_paper/01_audit/external_manifest_all.csv,10515,6B0E72349D71B8FE0D32D0A73B943DF89F8FA4FA87C9460E34A291B28E3F3FBB
hasil_paper/03_augmentasi/augmentation_report.md,205,721C139C784FA504783B169AC2BF20DA3F20C358DC42B505A8C22AB05BDC0AD7
hasil_paper/03_augmentasi/augmentation_summary.csv,114,BADB9C952944E1504AC015EED2F2CBD8E179A78EDC13AD86709E76B337B456E5
hasil_paper/03_augmentasi/cv_pool_manifest.csv,112246,35F4400C9BB8AD0111791B79BB1B5E9ADC2A1355D1FDF8296E708EF4CE85CFA6
hasil_paper/03_augmentasi/final_train_manifest.csv,77806,2B76A02F0437FAAF2EC74F32D3C8AD793A59F8CF0990BB6DCCDE04F484F8E9B5
hasil_paper/05_fitur/cv_pool_features.csv,169836,02234107BA0BD6AA2E6B89101D5243979BA97F888C83A49AC4DD45B2FBC8556A
hasil_paper/05_fitur/development_original_features.csv,54599,4F2AA5EC0309562A7123999CBBB2227DF41DA70C29BEF7ADCAC86875689D0A2F
hasil_paper/05_fitur/external_features.csv,15331,9A1D0FEC1049EFE1B54EB1C82D585FC423EABDF997FA9F4F020D85835D999070
hasil_paper/05_fitur/feature_dataset_summary.csv,129,436E519DE9D738315AC817B01C4202753D30469F641BE4B0A42F9FA78E367E6E
hasil_paper/05_fitur/final_train_features.csv,116183,DE0128FC1CFBB72880F1A19674DB2BA0C2B3550980CA88EC696994BE01320E3F
hasil_paper/06_analisis_fitur/descriptive_statistics.csv,1074,95508FEE55226296D452CD57A34F6801AFC281F6AC6B4273DE2EB8DA89B2E296
hasil_paper/06_analisis_fitur/feature_analysis.md,440,5D4496764CE3C7FF679EB4DEA7C0AB31B4542D06A84B191C1173BC6D1EC2E766
hasil_paper/06_analisis_fitur/feature_correlation.csv,830,0D2FE81AB1A7C22308C021B76912AA14C11EBE4655EA153E6E2908588DB91414
hasil_paper/06_analisis_fitur/feature_separation.csv,752,80C98C53545F6EBCBC246DBA9235D676637D26B3DEEFBAA72B357F306CB05349
hasil_paper/07_cross_validation/best_cv_model.json,269,F5E07ECC29DCC5495022C5427CDF1C727FE202DD1B9CA991AEC39C4F96EDE91C
hasil_paper/07_cross_validation/cv_fold_metrics.csv,10881,B27DEAF34690571E8E8DB7192CDF4B902DCE82E576AA4B7E61FF8EBFE9B4F998
hasil_paper/07_cross_validation/cv_oof_predictions.csv,350807,ECD78792ADB93285E87624FC70DD6913894F37416D08E791F3E8AA791E33ED94
hasil_paper/07_cross_validation/cv_summary_all_feature_sets.csv,4372,EE7CA22E65B12AAE3DD2E632BF07D90775C943458BEF734DF5BB5DE12951DAA6
hasil_paper/07_cross_validation/cv_summary_primary.csv,1325,D9D93EB6C2E39F6112B7D4771C97E4B615C35508AB6E7FA4EB19AE93C7B96AF7
hasil_paper/08_uji_eksternal/external_model_summary.csv,459,36E16D34021FD7A550E868CD8BEDB162DF2690FB7891DE0124A2AF2AB17A82A6
hasil_paper/08_uji_eksternal/metrics_per_class_logistic_regression.csv,113,BA1EB2705C4FB7BDA9254B3424386F24B5BB4B4ACC1FEC480FD9F3254B6219E2
hasil_paper/08_uji_eksternal/metrics_per_class_random_forest.csv,129,0DB1A76F00B609F7E72C078D0920885DDDD407371BA99B2331EB30FFAE3FDBE3
hasil_paper/08_uji_eksternal/metrics_per_class_svm_rbf.csv,157,DA882AAC62F4D7ACD8E65E1E555EEAA28A6F71C9334D1AF75990BA1CAB6CAF1A
hasil_paper/08_uji_eksternal/model_logistic_regression.joblib,1521,4FFA96F61DD1AE1CD5BEFF0BE50C70E542E01B90AF39792C4ACD190BA3B1003C
hasil_paper/08_uji_eksternal/model_random_forest.joblib,1299369,6A9D0D325E38D8C505F113BA857CB6BA1C31751C6535A1D1A3C6939AE003C2FB
hasil_paper/08_uji_eksternal/model_svm_rbf.joblib,9565,422B1B8E66615DC51B1EDEB85DAD00830A9F6562135AF6DB75BC765ACD46DD23
hasil_paper/08_uji_eksternal/predictions_logistic_regression.csv,18620,CEDF7209FA22C69FE7AB7490FD636BA645A73EB9C75A3B0E047ABBEAE4D257FC
hasil_paper/08_uji_eksternal/predictions_random_forest.csv,18035,33561DBE2BAD6302FFB43F243FA2AFDBE3732A6EF94E7D629034D65C1EA8EB5E
hasil_paper/08_uji_eksternal/predictions_svm_rbf.csv,18058,2DF04F331405302623A14411AA6D89B6DC0B96744F75A91B0D61E634D3F5F091
hasil_paper/08_uji_eksternal/selected_model_result.json,625,ECC67689FE2B88DC840E22D4EACA79967B2CE10EA47A0E93A3F29463CE4B8C84
hasil_paper/08_uji_eksternal/visualisasi_step_by_step/visualization_index.csv,9196,8722141630F554AE42E5AEAA6611CB9A89986658B9FA5CEE6091932ED2B4C437
hasil_paper/09_tabel_paper/paper_results_summary.md,1403,8231AD676B608763D4503A57FF75C86370ED01BACED3CFBC33D9F81D074C6F41
hasil_paper/09_tabel_paper/table_augmentation.csv,114,BADB9C952944E1504AC015EED2F2CBD8E179A78EDC13AD86709E76B337B456E5
hasil_paper/09_tabel_paper/table_model_comparison.csv,644,D45374A34DE48376A61F9F7BF184DE5B29B219FDB039A06B921449733258612B
hasil_paper/09_tabel_paper/table_model_comparison.md,867,4E035F8FB8FE5A8B759FE83C1633BFBECE685990F46875446406255E5FF34931
hasil_paper/10_analisis_error/error_analysis.md,669,CC66ED8CB82D943AAB42D83E109D4A551CD912A1ED8DD2140283A4FA7B68446C
hasil_paper/10_analisis_error/error_by_subtype.csv,498,84A44488141E09639C25D636A34921499934FC19954089F33A7C40464C415D40
hasil_paper/10_analisis_error/misclassified_images.csv,6752,399D785D11C75142E58461C1704B21C4748D2C6CF5014100DBC55FAA52A693A7
hasil_paper/11_deep_learning_baseline/best_dl_baseline.json,324,182847B691767E5E2DA1D32637828B07D898BC38ED559D3D79B2063DB7D5AB6C
hasil_paper/11_deep_learning_baseline/classifier_head_mobilenet_v2.joblib,37213,C5165E82952FC3C32B7417CAF82760E4ABEDDDBE4DEA67469086CD7D307AFCEA
hasil_paper/11_deep_learning_baseline/classifier_head_resnet18.joblib,15709,628ABE88BF4E43D6FE7C3CB9FCB0C9B578FFF7DBD87F135B4112C01D1741CF58
hasil_paper/11_deep_learning_baseline/dl_cv_fold_metrics.csv,1624,535135C5CA9482332BA6C706BB453075DC25195B08C85039E24C754E227C67BA
hasil_paper/11_deep_learning_baseline/dl_cv_oof_predictions.csv,59059,1D7800115725C226550BF2EA3AADD0929449D62C20EE493D3139666BFA76BBBB
hasil_paper/11_deep_learning_baseline/dl_cv_summary.csv,930,45EF089B8AB90BDC413D491780C9BA97C2E14643E4C7EA644CA25FBF6CB39C0C
hasil_paper/11_deep_learning_baseline/dl_cv_summary.md,705,2820188E430452F18881BFA53AF77EE4FF1B192A89A085F4EBC36C81D99A997D
hasil_paper/11_deep_learning_baseline/dl_environment.json,717,DA98EDB43F56062FB0445B51433FCFB44028F5AAD5A0C883A3EE41E77AAF381B
hasil_paper/11_deep_learning_baseline/dl_external_summary.csv,487,1CE5D9ECCBE7A1497BE0572E72A7B000C599C3F8A68286350DEA52B8269B59A7
hasil_paper/11_deep_learning_baseline/dl_external_summary.md,474,61AA814803ECA5D1EF68AA3DC818E78D8850D4A44C29D286FB7E508E852AA0DD
hasil_paper/11_deep_learning_baseline/external_metrics_per_class_mobilenet_v2.csv,145,371A2D422DCFFE1293A8CE60E2B2F59008DAE2E1FF8E395370B24853FB5B6046
hasil_paper/11_deep_learning_baseline/external_metrics_per_class_resnet18.csv,146,064A429A1494883A694E53A5C42DF5E80F75951CAD29C030A724F0926E23E16A
hasil_paper/11_deep_learning_baseline/external_predictions_mobilenet_v2.csv,7996,EDBB96803FECF0F29E08232DAB17C502D6D7C5B5051DE7D7192A195B145C225C
hasil_paper/11_deep_learning_baseline/external_predictions_resnet18.csv,7787,50CA6EA0990F7737E851B8BEE4B80BDBEC98A3D3B4A1FC0397C0FBE0159DF582
hasil_paper/11_deep_learning_baseline/model_comparison_classical_vs_deep.csv,850,C73576E695784EA4042C06D4B789F17A92C3C2B3C14B8A11AC6DD885515ADB4E
hasil_paper/11_deep_learning_baseline/model_comparison_classical_vs_deep.md,692,68C538659B236407E1F45B6F72F0306C45261615DC51E25484D7B79FB8F7FA03
hasil_paper/11_deep_learning_baseline/paper_method_note.md,1058,CB2B963EDD68C2DE98AAB3EB083C95E3CB206A5C98178D9C1A09D851290F7112
hasil_paper/12_submission_robustness/format_class_support.csv,331,25D77BF99F45D93B3DA4022693BD47B1D2FA3CE3F39F41B8AF2ACE209AD2D810
hasil_paper/12_submission_robustness/metadata_negative_control_metrics.csv,948,7E3365DE52D957E091873BA0244AD55901795063C28EAD199925F05962C499D1
hasil_paper/12_submission_robustness/metadata_negative_control_predictions.csv,23504,38EB5689BEDC4919E2DDA16CC03AF40C8D2AE16940749EBDD51294EE5D4C524F
hasil_paper/12_submission_robustness/METHODOLOGY_REVISION_REPORT.md,2627,3DE7A2E74F4CE10FABC6F047818910758CC6F14B579325F477F64346D19CBCD0
hasil_paper/12_submission_robustness/near_duplicate_candidates_development.csv,7122,443AADC8BFC5092372F882E1FD6F2FDB53A9A195F2E4ACB17D220CE940DBC2C1
hasil_paper/12_submission_robustness/near_duplicate_candidates_development_external.csv,1203,281B38BC2C2639ABE58255A23AC3CBDA7193A45CD97935199F180C564D3BBCC5
hasil_paper/12_submission_robustness/nested_cv_inner_candidates.csv,4228,F3A4DD17ECA825E4E00A3F0D2869FE3A278905FE9DBBDE4D9E190CDF5CEE8CF7
hasil_paper/12_submission_robustness/nested_cv_outer_fold_metrics.csv,1156,415845DEFC4E962740DFBCD473EF850396A1C23B9D9D255DDD1642AE35CB93C9
hasil_paper/12_submission_robustness/nested_cv_summary.csv,568,78422D9CA4E8652BA40920A22436987C411018EA481CDE0C1DDA6E829ED08EDA
hasil_paper/12_submission_robustness/perceptual_hash_manifest.csv,33199,363D37A33C7A4E1380D571B6041246DEE814BDEC65AFCF2E4D1463AC21312B1F
hasil_paper/12_submission_robustness/software_and_parameters.json,824,59F1DDE0730F941B3FEFA9D0C7DD2E7838D90412D5FED2594CC1D411878115A6
hasil_paper/14_repeated_nested_augmentation/augmentation_feature_pool.csv,399809,169F24969CE431D798780CC0A0C27C9F9B3A4D8C0DE468914D1D009DA8AF57EF
hasil_paper/14_repeated_nested_augmentation/inner_candidate_metrics.csv,40934,9C94943B7C736EAD59B66939E997F23E4B8B4AC1AC0F487904F900E450318616
hasil_paper/14_repeated_nested_augmentation/methodology.json,758,117337A1AECC8DDEABD0CD417B2749D175BF08BA043DA95EDC5AD976C6559715
hasil_paper/14_repeated_nested_augmentation/outer_fold_assignments.csv,18119,09CEFF399174B307DC556CE6E75CED2B51BFFCF117CDDB76320D2BE9E3CAD389
hasil_paper/14_repeated_nested_augmentation/outer_fold_metrics.csv,5065,80BC41EB25018DACB2F13FAE948D1F57B03E2659DA86B8981C1EF9E8E8E32A09
hasil_paper/14_repeated_nested_augmentation/outer_oof_predictions.csv,127205,E2236B4194F30CF1F58A59063814EBFFE1CB3A21D580EE581B01FF534C2D172F
hasil_paper/14_repeated_nested_augmentation/repeat_metrics.csv,861,D180B96C8DFB6395E48C370D4943A0CE1F157CF11A1CB3B83BEE5D0C4327B959
hasil_paper/14_repeated_nested_augmentation/REPORT.md,761,B4E41F6470D13C1BE0F0FF42BB2606931956F13D2136082EC81BF8B51C97F7D1
hasil_paper/14_repeated_nested_augmentation/selection_frequency.csv,125,CC4425CEF1D2109D9E7DC450969E2D272DACAEF16B647E63FDD33F10227FCD9A
hasil_paper/14_repeated_nested_augmentation/summary.csv,1087,6E8676C49ECE200154522F01ACC479D559256FFE957ED5900B710680A1A2309D
hasil_paper/14_repeated_nested_augmentation/training_composition.csv,19665,DA7A0ED7C131373313D2B2D16A3DDBCE7352A158E10AE9E438EF813BDEE61AB4
hasil_paper/14_repeated_nested_augmentation/training_origin_manifest.csv,6138740,F59E849A1BD899421F7D3768AC87D62ED4789605B35F28928E128301EA4C73E9
hasil_paper/19_balancing_comparison/_partial/augmented_balanced__r1-2__composition.csv,483,B5072A289FE0D5D5B32DAF86A32DC31A9F24A28E808FFFD1076EFCCFAE84D0B4
hasil_paper/19_balancing_comparison/_partial/augmented_balanced__r1-2__outer_metrics.csv,2486,BDB9456DE96AB8940558C8D71BB22AF278B30B8BCD835306022E5FABF56A4463
hasil_paper/19_balancing_comparison/_partial/augmented_balanced__r1-2__predictions.csv,27307,45D1ED7593B4BE145DE7AD3C0F72EBEB77968853E343F189B7137A95F7F08135
hasil_paper/19_balancing_comparison/_partial/augmented_balanced__r3-4-5__composition.csv,688,D8F10070E1F379CC07D3DB9DE8628F3D564CAA8D95BDB16AEEE4C318539E894A
hasil_paper/19_balancing_comparison/_partial/augmented_balanced__r3-4-5__outer_metrics.csv,3559,D859D1D3FD993BCB0005D4DD31E716FC20544664661760A779024DCD37850AA5
hasil_paper/19_balancing_comparison/_partial/augmented_balanced__r3-4-5__predictions.csv,40924,40B283DE432F32899C99FE8817635EEA5A23526F92EF1C4E0E6AEDB25ABA3229
hasil_paper/19_balancing_comparison/_partial/balanced_original_sampling__all__composition.csv,1273,397B73D18E6502485338E63152F971C5A75BA0A3C9972D3F1B7C5258E0F20C0B
hasil_paper/19_balancing_comparison/_partial/balanced_original_sampling__all__outer_metrics.csv,5806,CEA1149C623696F479A7086ACBD44A4B8B7C43806531BE3D159BFD6D9C65D639
hasil_paper/19_balancing_comparison/_partial/balanced_original_sampling__all__predictions.csv,76205,EE2C7B515D5181BC770F12DD966FABD995F66E39EE577283623F3028BDFF269D
hasil_paper/19_balancing_comparison/_partial/class_weighted_originals__all__composition.csv,1348,67136B4540978113A836F59CA68BD6FD2BC66B5B0EAF40F2219B3A3AEFC80402
hasil_paper/19_balancing_comparison/_partial/class_weighted_originals__all__outer_metrics.csv,5826,34C0000757856DC99469BEEE0E06B54815AF4F3098473E31B33D6833FE319F37
hasil_paper/19_balancing_comparison/_partial/class_weighted_originals__all__predictions.csv,74186,BD8322288C30B079DFFE8F0B8AAE2D099B2CD3F72BB577F59D5D8A103554CD61
hasil_paper/19_balancing_comparison/arm_summary.csv,585,ECF387D7A28CC193B62411EF2AA586C06B99AF9CA5B6FB2B31FFA9921C445C80
hasil_paper/19_balancing_comparison/methodology.json,1226,B021CAD158E82FE59FC8AD03BC9A79381718698D807753583484B0E65D707DB0
hasil_paper/19_balancing_comparison/outer_fold_metrics.csv,17135,4E6B780B5CAC39416C25CF8C2EA6CFCAF6E42B9D258E9A86EC76E6281956B548
hasil_paper/19_balancing_comparison/outer_oof_predictions.csv,221427,F3F490FC3394972D1A51615766B3354DB1B21FF2A3B6151192BC0FD0FAE3C401
hasil_paper/19_balancing_comparison/paired_differences.csv,1063,616333942BCDCF3C542942E0BA184A274C268708D3918DB8CFB08A5CA314111B
hasil_paper/19_balancing_comparison/repeat_metrics.csv,2691,004E1EF0E6FC5235D2560EE0A985838BFCC5941459B0A3B01D21193AF70A9D27
hasil_paper/19_balancing_comparison/REPORT.md,3695,2D14E5F1EEF3F80825669F3B65D9B8BD821A927C03444D50DE25D2C987C44F26
hasil_paper/19_balancing_comparison/selection_frequency.csv,495,80A3AB49A724848635FDFA66F1C76920C00605C6BCC1AE8468AAB9E3BD0878AA
hasil_paper/19_balancing_comparison/training_composition.csv,3649,ADB1F491D0095FDAF55C142571DC00732624DBCB540D4C2DEBEF6F003B690DBE
hasil_paper/24_source_groups/confirmed_pairs.csv,1271,6B0E23B47384F7C146488F8940F13EC01CB4F91906ED2894EB08BF0B2318F8CA
hasil_paper/24_source_groups/fold_leakage_check.csv,1121,5056F62D67D6776D3666A09C796171CB761D2EFC804D6642CCE1895E2C59A98A
hasil_paper/24_source_groups/methodology.json,786,53434A5CBC9BFDB64D4C705D9F4E57AABB037872393CD3F9FCEAF3FBE386C41C
hasil_paper/24_source_groups/pair_screening.csv,3422027,04833FBA329FFC7448C935B7703F0A9A1A0C10ECB58854914A3C9CD37DE828BC
hasil_paper/24_source_groups/pair_verification.csv,18725,2AE5A01EE23A422B7810174D0CFF7D6B6EB63EBD53A14CED76CA3A12F149D2AE
hasil_paper/24_source_groups/proposed_source_groups.csv,2810,6DF93D2FEBF1EF49BE7AD510509D9E119E08555AC0FA773A30AC82BFF3558956
hasil_paper/24_source_groups/REPORT.md,2852,284D291C0A2DFBBBDB9EF7FF8124375BDBC46175B451829AD5D1FB769A315163
hasil_paper/24_source_groups/source_groups.csv,26302,BC89213AFEE23E65E196820F1AE9EE1C81C1F0D21F41B529965DCB46B6833A76
hasil_paper/24_source_groups/threshold_sensitivity.csv,1108,17CEC240050D78B8F6257F0E9C686B835212739D9EC100120B4BDC7F6D5CEBBA
hasil_paper/25_model_selection_stability/external_by_model.csv,617,585F0A0ED37839DB5C7B3E681C160DA88F83F4AA926EB1F9C25C109F31500ED3
hasil_paper/25_model_selection_stability/methodology.json,1153,FD30095E0C6D5C088913832DA26AE39A6381CF9AFCF683D78FEADA474FECE445
hasil_paper/25_model_selection_stability/nested_selection_frequency.csv,639,BBB6DC60541C438C72C05CE18E515508E521D0CCBD0A14940652DF78BE1A8C4B
hasil_paper/25_model_selection_stability/protocol_comparison.csv,808,D54F8AD8D3310ACB94F76C8EA6B46A46367BC1F5D10475F62DE6C4C85F56FACB
hasil_paper/25_model_selection_stability/REPORT.md,2948,6A42D9BA13E0641080FE79C8947C0389F6F34B082319DC665D0A74050D72E8AB
hasil_paper/25_model_selection_stability/selection_margin.csv,465,2992AEA587F5C0C7637D472289227563FF53BB5A97050FAB69584B379C131BDB
hasil_paper/25_model_selection_stability/single_loop_ranking.csv,1292,4208CA37419228DC57FDC3B70A2024F52D23148F49818CFE78A7D14B5E76BBB5
hasil_paper/30_controlled_ablation/anchor_check.json,179,8776D9D8F4164315F102206728D0AC90A33A851321FBE0F215F02EB3DC88FDB0
hasil_paper/30_controlled_ablation/condition_metrics.csv,1141,2E700187ED849FDB969D4EF3F31A5ACCCA6A990B80645EB2C4B490BAFF266DFF
hasil_paper/30_controlled_ablation/factor_effects.csv,369,9AE7EF9F34321B2E757167AA77AC1DA4AEC9BC57E6921B0DF9A04BDEC6965148
hasil_paper/30_controlled_ablation/methodology.json,1350,AC0111F9012CEDF1633D3AF107B7EF853F858BE84C3F27AEFAC10DA86A676DA3
hasil_paper/30_controlled_ablation/outer_fold_metrics.csv,43252,CA71B3C66F5D04A89C4FBFC4DBD82A34C6EF215AD7CB02C0929154867037868A
hasil_paper/30_controlled_ablation/outer_oof_predictions.csv,667673,49A663A5675B8A6C940E62FEEAD447E00E64986E61CCF67C3B7E5C7843CFAF8B
hasil_paper/30_controlled_ablation/paired_differences.csv,2075,7E897F74CD689DFBAD3E94CBD46B0046DB8B34E1B30E4DE5B3D95CBCC7C7CD8E
hasil_paper/30_controlled_ablation/repeat_metrics.csv,6646,0028791755E2424C722405D89329227349AEB795FF17F5B9DA3BF41191A3AEC9
hasil_paper/30_controlled_ablation/REPORT.md,2818,A649ACB973B9C833AC0A5E47FFA21414462878D65FF74AADA73C8D05E7476D60
hasil_paper/30_controlled_ablation/selection_frequency.csv,980,C9AF7F17D9D10EA66A8649665F54E37A6B6C3CD6B5DC29B5BF57B247BDECAD6B
hasil_paper/README.md,2734,AC8C46E8CF2DE68DEDE1C9D32EFAA24F0E4ECE9FD4EE9AE6CC9CC0674895C8B3
LICENSE,1220,D13A263E763CDA9BD0FB2F5FA9D554144AF9C41B310AB2FCA9AED93F6E2FCAEA
LICENSE-DATA.md,854,EBF7FC09CE444199C01A67C31DFB9B87C9E942E62D858947C1BF0AAD97B79545
pipeline_common.py,11296,FCDF00BF639FD600FC62EB1B88C70E47C7A501779B996D06A6655280848A5083
pipeline_config.py,1822,82F6320C3D6732A4D4512F9E3A062537C7C11558DB7B830E00D2231685741C61
pipeline_models.py,2823,881F07B9BD85EA9D0B03CEB30F88EF001AA3C0029963A247F4B01BC00DCB7767
README.md,6879,8EB037E2BE44D527581C189D5DB66E155C068274B0E89C0A425653F7E072D414
RECONSTRUCTION.md,2375,CABCC80E9B30F3F2154D3F304F2D9533845E78816FB08206B201748DF86C2058
requirements-web.txt,140,77B22DCD54B7217FFEE505E608FABF43FC33625A6A6C92E9F54451C5411070CF
requirements.txt,1186,9B09AB93C389D3B9878D57E92FBC19C3F3351241112A156333BDD34B2A862FC1
run_all.py,4145,F1AE1774EC780860D9AEDF645DA3C27F54EBE73D3CEA93DE56F826BF60E3DA24
tests/test_acquisition_intervention.py,3263,F86366632CBCC99F5075C4323A42BBF2E1EBFAF55E60C011A100E7622C8084AC
tests/test_acquisition_outputs.py,3876,D8F7D52BFEEEAECE95FE9F8A8FA0AA17820E2F4104C4EDD5268D2DE8EB7C5821
tests/test_balancing_comparison.py,7679,9F3161A69FDB9505B6D35C9725C1D9F45837A7D415C7858EFDB9C398731BB83F
tests/test_controlled_ablation.py,8656,6439A1A0F303D51AE9308A1C12A68546FE1099673B4EAD6DDBEB0768946F20BA
tests/test_model_selection_stability.py,6088,7E03E7F41B7205AE017DF3B0FC3ADC81219AFC304179437BF84A7D72273FD31E
tests/test_numerical_audit.py,5291,EA08D92FB37E05393F2DA84B7A5F09EFC2A3BB28A894750498C8908659CAEDA2
tests/test_perceptual_hash_adjudication.py,2461,8D8D39761B3E93994422C050C9277A6B030EFD8197BCCA8077FFED72575B72F8
tests/test_source_group_adjudication.py,9207,D8C29621F30530790F7DC755ED8071F470612F011A62D45626228A343D04D149
tests/test_streamlit_app.py,1604,B1F799B184802F1D42102D904A9FC648505A061C95E6BCB672623A1F4B6647F8
tests/test_web_inference.py,1816,F212833B385063B13752709027EF437BE3BA84305D19E64F20763D3ED97F1357
web_app/__init__.py,72,0415D1DE9147F6D85123F57B58775674C51A1A29F4310FEC83E2A78D7137A9FD
web_app/inference.py,6728,025D74D422514C9BD9A0F4D61F2F44940D45B198A3AC98CF137AB8E82785F188
web_app/styles.py,5445,9C18E91A11BA2B57C8A9E63BD64AF83C9FD72A91A06EDFF99EDE620377C23174
