arm,repeat,outer_fold,source_id,kelas,label,subjenis,predicted_label,correct
augmented_balanced,1,1,aefd54b84960,batik,1,Batik Sekar Jagad,1,True
augmented_balanced,1,1,4cf5c0621088,batik,1,Batik Sekar Jagad,1,True
augmented_balanced,1,1,54bfb8bd54ab,batik,1,Solo_Parang,1,True
augmented_balanced,1,1,fa24684732b1,batik,1,Solo_Parang,0,False
augmented_balanced,1,1,ae689bfb028c,batik,1,Solo_Parang,1,True
augmented_balanced,1,1,204cc85f05f5,batik,1,Solo_Parang,1,True
augmented_balanced,1,1,ef0f096eef7d,batik,1,Solo_Parang,1,True
augmented_balanced,1,1,1ebf8c8980d8,batik,1,SulawesiSelatan_Lontara,1,True
augmented_balanced,1,1,494cc5d151c0,batik,1,SumateraBarat_Rumah_Minang,1,True
augmented_balanced,1,1,1a750a1ff1bb,batik,1,SumateraBarat_Rumah_Minang,1,True
augmented_balanced,1,1,c8389f7774ca,batik,1,SumateraBarat_Rumah_Minang,1,True
augmented_balanced,1,1,4378ec5c01d7,batik,1,SumateraBarat_Rumah_Minang,1,True
augmented_balanced,1,1,c2b746a6af12,batik,1,Yogyakarta_Kawung,1,True
augmented_balanced,1,1,15c3a3af00f1,batik,1,Yogyakarta_Kawung,1,True
augmented_balanced,1,1,5f3323d49daf,batik,1,Yogyakarta_Kawung,1,True
augmented_balanced,1,1,318560941f39,batik,1,Yogyakarta_Kawung,1,True
augmented_balanced,1,1,821b217c3490,batik,1,Yogyakarta_Kawung,1,True
augmented_balanced,1,1,c23c92dfb3a6,batik,1,Yogyakarta_Kawung,1,True
augmented_balanced,1,1,9c55efc8bc01,batik,1,Yogyakarta_Kawung,1,True
augmented_balanced,1,1,224b3baae42f,batik,1,Yogyakarta_Parang,1,True
augmented_balanced,1,1,7556e7595482,batik,1,Yogyakarta_Parang,1,True
augmented_balanced,1,1,05ccbfc92105,batik,1,Yogyakarta_Parang,0,False
augmented_balanced,1,1,e7708ac8cb87,batik,1,Yogyakarta_Parang,1,True
augmented_balanced,1,1,519b6e1dfbd9,batik,1,Yogyakarta_Parang,1,True
augmented_balanced,1,1,0c9036a66a5e,batik,1,Yogyakarta_Parang,1,True
augmented_balanced,1,1,e9fea915240b,batik,1,batik pekalongan,1,True
augmented_balanced,1,1,028b7571da11,batik,1,batik semarangan,1,True
augmented_balanced,1,1,f11fc60776fe,batik,1,batik solo,1,True
augmented_balanced,1,1,c9420c985ea9,non_batik,0,bunga_nonbatik,0,True
augmented_balanced,1,1,c5761d229b6c,non_batik,0,garis,0,True
augmented_balanced,1,1,e7a78b6680b5,non_batik,0,garis,0,True
augmented_balanced,1,1,2147c3827a53,non_batik,0,geometris,1,False
augmented_balanced,1,1,41c663680f51,non_batik,0,geometris,0,True
augmented_balanced,1,1,3d11a9f87152,non_batik,0,geometris,0,True
augmented_balanced,1,1,ad3de2744108,non_batik,0,modern,0,True
augmented_balanced,1,1,5f82b8c47ed9,non_batik,0,polos,0,True
augmented_balanced,1,1,d5ce7ee1e352,non_batik,0,polos,0,True
augmented_balanced,1,1,27a1a686fc67,non_batik,0,polos,0,True
augmented_balanced,1,1,6b6b7bdfe34a,non_batik,0,polos,0,True
augmented_balanced,1,1,b2131a29e3e4,non_batik,0,tenun,1,False
augmented_balanced,1,1,e6a8630feb76,non_batik,0,tenun,0,True
augmented_balanced,1,2,cf833bbbc2d2,batik,1,Batik Sekar Jagad,1,True
augmented_balanced,1,2,32d738243497,batik,1,Solo_Parang,1,True
augmented_balanced,1,2,232973849352,batik,1,Solo_Parang,1,True
augmented_balanced,1,2,e9fd42eb86e9,batik,1,Solo_Parang,1,True
augmented_balanced,1,2,72312efd43da,batik,1,SulawesiSelatan_Lontara,1,True
augmented_balanced,1,2,339148643a6c,batik,1,SulawesiSelatan_Lontara,1,True
augmented_balanced,1,2,73e531fe1cee,batik,1,SumateraBarat_Rumah_Minang,1,True
augmented_balanced,1,2,95f29eea7980,batik,1,SumateraBarat_Rumah_Minang,1,True
augmented_balanced,1,2,8302690a77c5,batik,1,SumateraBarat_Rumah_Minang,1,True
augmented_balanced,1,2,35db741433f7,batik,1,SumateraBarat_Rumah_Minang,1,True
augmented_balanced,1,2,94870fc592ab,batik,1,SumateraBarat_Rumah_Minang,1,True
augmented_balanced,1,2,861b084216ea,batik,1,SumateraBarat_Rumah_Minang,1,True
augmented_balanced,1,2,c8a756244bdd,batik,1,Yogyakarta_Kawung,1,True
augmented_balanced,1,2,5a0b830d2c1b,batik,1,Yogyakarta_Kawung,1,True
augmented_balanced,1,2,bbdb13d788e1,batik,1,Yogyakarta_Kawung,1,True
augmented_balanced,1,2,46224a6951cd,batik,1,Yogyakarta_Kawung,1,True
augmented_balanced,1,2,8e278f004798,batik,1,Yogyakarta_Kawung,1,True
augmented_balanced,1,2,9c71e54f91f9,batik,1,Yogyakarta_Parang,1,True
augmented_balanced,1,2,72cc088c4040,batik,1,Yogyakarta_Parang,1,True
augmented_balanced,1,2,7a71ef3f3ade,batik,1,Yogyakarta_Parang,1,True
augmented_balanced,1,2,71b47ddc1aef,batik,1,Yogyakarta_Parang,1,True
augmented_balanced,1,2,b9f0bcdd4ffc,batik,1,Yogyakarta_Parang,1,True
augmented_balanced,1,2,9710a61c2b42,batik,1,Yogyakarta_Parang,1,True
augmented_balanced,1,2,74dfb64fde15,batik,1,batik pekalongan,0,False
augmented_balanced,1,2,cba62b260aa8,batik,1,batik pekalongan,0,False
augmented_balanced,1,2,a234e5ca3e30,batik,1,batik semarangan,1,True
augmented_balanced,1,2,9ca0fa064166,batik,1,batik semarangan,1,True
augmented_balanced,1,2,0fd5923aff43,batik,1,batik solo,1,True
augmented_balanced,1,2,f190f4ab82fd,non_batik,0,bunga_nonbatik,0,True
augmented_balanced,1,2,bc0863dfd9c1,non_batik,0,bunga_nonbatik,0,True
augmented_balanced,1,2,bbcc043171d4,non_batik,0,garis,0,True
augmented_balanced,1,2,c1afa12764cf,non_batik,0,garis,0,True
augmented_balanced,1,2,4b2cb2577a69,non_batik,0,geometris,1,False
augmented_balanced,1,2,92deccab5470,non_batik,0,geometris,0,True
augmented_balanced,1,2,0ce96dcf1e27,non_batik,0,kotak,0,True
augmented_balanced,1,2,648259d35596,non_batik,0,kotak,1,False
augmented_balanced,1,2,33eb73d4c302,non_batik,0,modern,0,True
augmented_balanced,1,2,4bd0134802da,non_batik,0,polkadot,1,False
augmented_balanced,1,2,3db82daf6e86,non_batik,0,tenun,0,True
augmented_balanced,1,2,31a7bede42b0,non_batik,0,tenun,0,True
augmented_balanced,1,3,6442e19a4f03,batik,1,Solo_Parang,1,True
augmented_balanced,1,3,0f308677eb60,batik,1,Solo_Parang,1,True
augmented_balanced,1,3,fc1e0904dd28,batik,1,Solo_Parang,1,True
augmented_balanced,1,3,a10f0a7e53bd,batik,1,Solo_Parang,1,True
augmented_balanced,1,3,a592c69656eb,batik,1,Solo_Parang,1,True
augmented_balanced,1,3,68d05da78831,batik,1,Solo_Parang,1,True
augmented_balanced,1,3,8bf4cb106e92,batik,1,SumateraBarat_Rumah_Minang,1,True
augmented_balanced,1,3,2a17bd6593bc,batik,1,SumateraBarat_Rumah_Minang,1,True
augmented_balanced,1,3,a291e5c48a49,batik,1,SumateraBarat_Rumah_Minang,1,True
augmented_balanced,1,3,e29a2b8d50fa,batik,1,SumateraBarat_Rumah_Minang,1,True
augmented_balanced,1,3,5fbb49767a26,batik,1,SumateraBarat_Rumah_Minang,1,True
augmented_balanced,1,3,4685b3b6f662,batik,1,Yogyakarta_Kawung,1,True
augmented_balanced,1,3,7cb908544ba8,batik,1,Yogyakarta_Kawung,1,True
augmented_balanced,1,3,975d095d1710,batik,1,Yogyakarta_Kawung,1,True
augmented_balanced,1,3,8cd33e274e4d,batik,1,Yogyakarta_Kawung,1,True
augmented_balanced,1,3,2a2a23410a51,batik,1,Yogyakarta_Kawung,1,True
augmented_balanced,1,3,cd0513428af6,batik,1,Yogyakarta_Parang,1,True
augmented_balanced,1,3,cef09f780063,batik,1,Yogyakarta_Parang,0,False
augmented_balanced,1,3,0f8e0b867151,batik,1,Yogyakarta_Parang,1,True
augmented_balanced,1,3,64c221c7e69e,batik,1,Yogyakarta_Parang,1,True
augmented_balanced,1,3,a940ff920c6c,batik,1,Yogyakarta_Parang,1,True
augmented_balanced,1,3,fd0c795decdf,batik,1,Yogyakarta_Parang,1,True
augmented_balanced,1,3,bdad9f0a9e63,batik,1,Yogyakarta_Parang,1,True
augmented_balanced,1,3,fb19d7075d8a,batik,1,Yogyakarta_Parang,1,True
augmented_balanced,1,3,6900868add34,batik,1,batik pekalongan,1,True
augmented_balanced,1,3,f745452e50e3,batik,1,batik semarangan,1,True
augmented_balanced,1,3,1e1c6c73c84d,batik,1,batik semarangan,1,True
augmented_balanced,1,3,1c522c3d0bdc,non_batik,0,bunga_nonbatik,0,True
augmented_balanced,1,3,21b7b85d4086,non_batik,0,bunga_nonbatik,0,True
augmented_balanced,1,3,eac540cba307,non_batik,0,bunga_nonbatik,0,True
augmented_balanced,1,3,5749ecfbcd39,non_batik,0,modern,0,True
augmented_balanced,1,3,a7f92f18470f,non_batik,0,modern,0,True
augmented_balanced,1,3,699c4602a8e0,non_batik,0,modern,0,True
augmented_balanced,1,3,ffeae644af12,non_batik,0,polkadot,0,True
augmented_balanced,1,3,1937342e6d3a,non_batik,0,polos,0,True
augmented_balanced,1,3,378df26e0ccb,non_batik,0,polos,0,True
augmented_balanced,1,3,0b857a24ecf0,non_batik,0,tenun,0,True
augmented_balanced,1,3,d916f3c4756e,non_batik,0,tenun,0,True
augmented_balanced,1,3,372c786cc900,non_batik,0,tenun,0,True
augmented_balanced,1,3,dac06cb81326,non_batik,0,tenun,0,True
augmented_balanced,1,4,4887f2b0b9db,batik,1,Batik Sekar Jagad,1,True
augmented_balanced,1,4,e5f8bb3aa14e,batik,1,Batik Sekar Jagad,1,True
augmented_balanced,1,4,ec9825accca7,batik,1,Solo_Parang,1,True
augmented_balanced,1,4,6ee03ea4ad8e,batik,1,Solo_Parang,1,True
augmented_balanced,1,4,cc4ed19c721d,batik,1,Solo_Parang,1,True
augmented_balanced,1,4,418868e904b3,batik,1,Solo_Parang,1,True
augmented_balanced,1,4,9fb8bf36fd8b,batik,1,Solo_Parang,1,True
augmented_balanced,1,4,798dd241fbb7,batik,1,Solo_Parang,1,True
augmented_balanced,1,4,050046f947a6,batik,1,Solo_Parang,1,True
augmented_balanced,1,4,4ce26e238996,batik,1,Solo_Parang,1,True
augmented_balanced,1,4,7fbd1b9fbaf8,batik,1,SulawesiSelatan_Lontara,1,True
augmented_balanced,1,4,e49dc5a7d4dd,batik,1,SulawesiSelatan_Lontara,1,True
augmented_balanced,1,4,17204d5eeb3c,batik,1,SulawesiSelatan_Lontara,0,False
augmented_balanced,1,4,8044eaaa01ee,batik,1,SulawesiSelatan_Lontara,0,False
augmented_balanced,1,4,0cda161b73d8,batik,1,SumateraBarat_Rumah_Minang,1,True
augmented_balanced,1,4,482d00c6689f,batik,1,SumateraBarat_Rumah_Minang,1,True
augmented_balanced,1,4,4296840cb96e,batik,1,SumateraBarat_Rumah_Minang,1,True
augmented_balanced,1,4,49e6fc0351e9,batik,1,SumateraBarat_Rumah_Minang,1,True
augmented_balanced,1,4,9cc5012e3077,batik,1,SumateraBarat_Rumah_Minang,1,True
augmented_balanced,1,4,20802bdd836c,batik,1,SumateraBarat_Rumah_Minang,1,True
augmented_balanced,1,4,8c566ec9c05a,batik,1,SumateraBarat_Rumah_Minang,1,True
augmented_balanced,1,4,7a6a08371391,batik,1,Yogyakarta_Kawung,0,False
augmented_balanced,1,4,c54620730f2e,batik,1,Yogyakarta_Kawung,1,True
augmented_balanced,1,4,eb2a2549a57f,batik,1,Yogyakarta_Kawung,1,True
augmented_balanced,1,4,7bdd4895a8f4,batik,1,Yogyakarta_Parang,1,True
augmented_balanced,1,4,a24266798391,batik,1,Yogyakarta_Parang,1,True
augmented_balanced,1,4,5bfe72414caf,batik,1,batik pekalongan,1,True
augmented_balanced,1,4,3424f5620431,non_batik,0,bunga_nonbatik,0,True
augmented_balanced,1,4,ed293cabd087,non_batik,0,bunga_nonbatik,0,True
augmented_balanced,1,4,7a26d7e18b89,non_batik,0,bunga_nonbatik,0,True
augmented_balanced,1,4,c11183e9d1cd,non_batik,0,garis,0,True
augmented_balanced,1,4,f6b3418e39a1,non_batik,0,geometris,1,False
augmented_balanced,1,4,9dd396e5e2cf,non_batik,0,geometris,0,True
augmented_balanced,1,4,fc6da929304d,non_batik,0,geometris,0,True
augmented_balanced,1,4,9a27b470f78d,non_batik,0,kotak,0,True
augmented_balanced,1,4,8050e3061ee9,non_batik,0,modern,0,True
augmented_balanced,1,4,bb5154fad02f,non_batik,0,modern,0,True
augmented_balanced,1,4,3f3ad4376dd0,non_batik,0,modern,0,True
augmented_balanced,1,4,3c1f730579dc,non_batik,0,polos,0,True
augmented_balanced,1,4,be63966ec5ec,non_batik,0,tenun,0,True
augmented_balanced,1,5,de330aa7d1a2,batik,1,Solo_Parang,1,True
augmented_balanced,1,5,9650ae0e9e81,batik,1,Solo_Parang,1,True
augmented_balanced,1,5,7df4d5dd4fc0,batik,1,Solo_Parang,1,True
augmented_balanced,1,5,3db0cabb6a47,batik,1,Solo_Parang,1,True
augmented_balanced,1,5,6dc41f6c55a3,batik,1,Solo_Parang,1,True
augmented_balanced,1,5,37dc41276bd9,batik,1,Solo_Parang,1,True
augmented_balanced,1,5,8eabcd2abffa,batik,1,Solo_Parang,1,True
augmented_balanced,1,5,5dc0a5b5e0e3,batik,1,SulawesiSelatan_Lontara,1,True
augmented_balanced,1,5,8be73861e239,batik,1,SumateraBarat_Rumah_Minang,1,True
augmented_balanced,1,5,be07729e8e4c,batik,1,SumateraBarat_Rumah_Minang,1,True
augmented_balanced,1,5,56fa039f7fcf,batik,1,SumateraBarat_Rumah_Minang,1,True
augmented_balanced,1,5,32d72ffa72f3,batik,1,SumateraBarat_Rumah_Minang,1,True
augmented_balanced,1,5,f74bb111b026,batik,1,Yogyakarta_Kawung,1,True
augmented_balanced,1,5,ba741b615b90,batik,1,Yogyakarta_Kawung,1,True
augmented_balanced,1,5,01423db2bf4d,batik,1,Yogyakarta_Kawung,1,True
augmented_balanced,1,5,d508f4f2374c,batik,1,Yogyakarta_Kawung,1,True
augmented_balanced,1,5,dbb32ee71649,batik,1,Yogyakarta_Kawung,1,True
augmented_balanced,1,5,bd730be873eb,batik,1,Yogyakarta_Kawung,0,False
augmented_balanced,1,5,973f90f1c799,batik,1,Yogyakarta_Kawung,1,True
augmented_balanced,1,5,1ae0673d1fc2,batik,1,Yogyakarta_Kawung,1,True
augmented_balanced,1,5,cccca1ba3cae,batik,1,Yogyakarta_Kawung,1,True
augmented_balanced,1,5,a3833f8e9773,batik,1,Yogyakarta_Parang,1,True
augmented_balanced,1,5,5417f1939333,batik,1,Yogyakarta_Parang,1,True
augmented_balanced,1,5,3c68bb5f2327,batik,1,Yogyakarta_Parang,1,True
augmented_balanced,1,5,aa85c99944f2,batik,1,Yogyakarta_Parang,1,True
augmented_balanced,1,5,24dcb9ff498b,batik,1,batik solo,1,True
augmented_balanced,1,5,e0dbc911eac7,batik,1,batik solo,1,True
augmented_balanced,1,5,db4135d30eec,non_batik,0,bunga_nonbatik,0,True
augmented_balanced,1,5,3d5238641255,non_batik,0,bunga_nonbatik,1,False
augmented_balanced,1,5,62ac50dcc85a,non_batik,0,bunga_nonbatik,0,True
augmented_balanced,1,5,1f9fa02cb0e6,non_batik,0,bunga_nonbatik,0,True
augmented_balanced,1,5,d9276d559999,non_batik,0,geometris,0,True
augmented_balanced,1,5,f88b483bd98e,non_batik,0,geometris,0,True
augmented_balanced,1,5,bcabfe0310f4,non_batik,0,kotak,0,True
augmented_balanced,1,5,3ca855a91edc,non_batik,0,modern,0,True
augmented_balanced,1,5,6a5fca546dc0,non_batik,0,modern,0,True
augmented_balanced,1,5,51819fbbc26f,non_batik,0,polos,0,True
augmented_balanced,1,5,3b5356f36723,non_batik,0,polos,0,True
augmented_balanced,1,5,0ed496d9169c,non_batik,0,polos,0,True
augmented_balanced,1,5,c9fffdb4983d,non_batik,0,tenun,0,True
augmented_balanced,2,1,0f308677eb60,batik,1,Solo_Parang,1,True
augmented_balanced,2,1,ae689bfb028c,batik,1,Solo_Parang,1,True
augmented_balanced,2,1,8eabcd2abffa,batik,1,Solo_Parang,1,True
augmented_balanced,2,1,7fbd1b9fbaf8,batik,1,SulawesiSelatan_Lontara,1,True
augmented_balanced,2,1,5dc0a5b5e0e3,batik,1,SulawesiSelatan_Lontara,1,True
augmented_balanced,2,1,339148643a6c,batik,1,SulawesiSelatan_Lontara,1,True
augmented_balanced,2,1,4296840cb96e,batik,1,SumateraBarat_Rumah_Minang,1,True
augmented_balanced,2,1,2a17bd6593bc,batik,1,SumateraBarat_Rumah_Minang,1,True
augmented_balanced,2,1,494cc5d151c0,batik,1,SumateraBarat_Rumah_Minang,1,True
augmented_balanced,2,1,e29a2b8d50fa,batik,1,SumateraBarat_Rumah_Minang,1,True
augmented_balanced,2,1,c8389f7774ca,batik,1,SumateraBarat_Rumah_Minang,1,True
augmented_balanced,2,1,49e6fc0351e9,batik,1,SumateraBarat_Rumah_Minang,1,True
augmented_balanced,2,1,56fa039f7fcf,batik,1,SumateraBarat_Rumah_Minang,1,True
augmented_balanced,2,1,94870fc592ab,batik,1,SumateraBarat_Rumah_Minang,1,True
augmented_balanced,2,1,4378ec5c01d7,batik,1,SumateraBarat_Rumah_Minang,1,True
augmented_balanced,2,1,32d72ffa72f3,batik,1,SumateraBarat_Rumah_Minang,1,True
augmented_balanced,2,1,975d095d1710,batik,1,Yogyakarta_Kawung,1,True
augmented_balanced,2,1,dbb32ee71649,batik,1,Yogyakarta_Kawung,1,True
augmented_balanced,2,1,c8a756244bdd,batik,1,Yogyakarta_Kawung,1,True
augmented_balanced,2,1,15c3a3af00f1,batik,1,Yogyakarta_Kawung,1,True
augmented_balanced,2,1,5f3323d49daf,batik,1,Yogyakarta_Kawung,1,True
augmented_balanced,2,1,c54620730f2e,batik,1,Yogyakarta_Kawung,1,True
augmented_balanced,2,1,8e278f004798,batik,1,Yogyakarta_Kawung,1,True
augmented_balanced,2,1,cd0513428af6,batik,1,Yogyakarta_Parang,1,True
augmented_balanced,2,1,a3833f8e9773,batik,1,Yogyakarta_Parang,1,True
augmented_balanced,2,1,b9f0bcdd4ffc,batik,1,Yogyakarta_Parang,1,True
augmented_balanced,2,1,e7708ac8cb87,batik,1,Yogyakarta_Parang,1,True
augmented_balanced,2,1,bdad9f0a9e63,batik,1,Yogyakarta_Parang,1,True
augmented_balanced,2,1,ed293cabd087,non_batik,0,bunga_nonbatik,0,True
augmented_balanced,2,1,db4135d30eec,non_batik,0,bunga_nonbatik,0,True
augmented_balanced,2,1,e7a78b6680b5,non_batik,0,garis,0,True
augmented_balanced,2,1,fc6da929304d,non_batik,0,geometris,0,True
augmented_balanced,2,1,f88b483bd98e,non_batik,0,geometris,0,True
augmented_balanced,2,1,648259d35596,non_batik,0,kotak,0,True
augmented_balanced,2,1,33eb73d4c302,non_batik,0,modern,1,False
augmented_balanced,2,1,a7f92f18470f,non_batik,0,modern,0,True
augmented_balanced,2,1,5f82b8c47ed9,non_batik,0,polos,0,True
augmented_balanced,2,1,27a1a686fc67,non_batik,0,polos,0,True
augmented_balanced,2,1,3b5356f36723,non_batik,0,polos,0,True
augmented_balanced,2,1,b2131a29e3e4,non_batik,0,tenun,1,False
augmented_balanced,2,1,372c786cc900,non_batik,0,tenun,0,True
augmented_balanced,2,2,32d738243497,batik,1,Solo_Parang,1,True
augmented_balanced,2,2,9650ae0e9e81,batik,1,Solo_Parang,1,True
augmented_balanced,2,2,232973849352,batik,1,Solo_Parang,1,True
augmented_balanced,2,2,798dd241fbb7,batik,1,Solo_Parang,1,True
augmented_balanced,2,2,3db0cabb6a47,batik,1,Solo_Parang,1,True
augmented_balanced,2,2,a592c69656eb,batik,1,Solo_Parang,1,True
augmented_balanced,2,2,050046f947a6,batik,1,Solo_Parang,1,True
augmented_balanced,2,2,37dc41276bd9,batik,1,Solo_Parang,1,True
augmented_balanced,2,2,e9fd42eb86e9,batik,1,Solo_Parang,1,True
augmented_balanced,2,2,4ce26e238996,batik,1,Solo_Parang,1,True
augmented_balanced,2,2,0cda161b73d8,batik,1,SumateraBarat_Rumah_Minang,1,True
augmented_balanced,2,2,8bf4cb106e92,batik,1,SumateraBarat_Rumah_Minang,1,True
augmented_balanced,2,2,73e531fe1cee,batik,1,SumateraBarat_Rumah_Minang,1,True
augmented_balanced,2,2,8302690a77c5,batik,1,SumateraBarat_Rumah_Minang,1,True
augmented_balanced,2,2,5fbb49767a26,batik,1,SumateraBarat_Rumah_Minang,1,True
augmented_balanced,2,2,8cd33e274e4d,batik,1,Yogyakarta_Kawung,1,True
augmented_balanced,2,2,821b217c3490,batik,1,Yogyakarta_Kawung,1,True
augmented_balanced,2,2,cccca1ba3cae,batik,1,Yogyakarta_Kawung,1,True
augmented_balanced,2,2,0f8e0b867151,batik,1,Yogyakarta_Parang,1,True
augmented_balanced,2,2,64c221c7e69e,batik,1,Yogyakarta_Parang,1,True
augmented_balanced,2,2,7bdd4895a8f4,batik,1,Yogyakarta_Parang,1,True
augmented_balanced,2,2,a24266798391,batik,1,Yogyakarta_Parang,1,True
augmented_balanced,2,2,519b6e1dfbd9,batik,1,Yogyakarta_Parang,1,True
augmented_balanced,2,2,0c9036a66a5e,batik,1,Yogyakarta_Parang,1,True
augmented_balanced,2,2,6900868add34,batik,1,batik pekalongan,1,True
augmented_balanced,2,2,f745452e50e3,batik,1,batik semarangan,1,True
augmented_balanced,2,2,24dcb9ff498b,batik,1,batik solo,1,True
augmented_balanced,2,2,e0dbc911eac7,batik,1,batik solo,1,True
augmented_balanced,2,2,7a26d7e18b89,non_batik,0,bunga_nonbatik,0,True
augmented_balanced,2,2,bc0863dfd9c1,non_batik,0,bunga_nonbatik,0,True
augmented_balanced,2,2,92deccab5470,non_batik,0,geometris,0,True
augmented_balanced,2,2,f6b3418e39a1,non_batik,0,geometris,1,False
augmented_balanced,2,2,2147c3827a53,non_batik,0,geometris,1,False
augmented_balanced,2,2,41c663680f51,non_batik,0,geometris,0,True
augmented_balanced,2,2,3d11a9f87152,non_batik,0,geometris,0,True
augmented_balanced,2,2,0ce96dcf1e27,non_batik,0,kotak,0,True
augmented_balanced,2,2,9a27b470f78d,non_batik,0,kotak,0,True
augmented_balanced,2,2,6b6b7bdfe34a,non_batik,0,polos,0,True
augmented_balanced,2,2,c9fffdb4983d,non_batik,0,tenun,0,True
augmented_balanced,2,2,31a7bede42b0,non_batik,0,tenun,0,True
augmented_balanced,2,3,54bfb8bd54ab,batik,1,Solo_Parang,1,True
augmented_balanced,2,3,fa24684732b1,batik,1,Solo_Parang,0,False
augmented_balanced,2,3,9fb8bf36fd8b,batik,1,Solo_Parang,1,True
augmented_balanced,2,3,17204d5eeb3c,batik,1,SulawesiSelatan_Lontara,0,False
augmented_balanced,2,3,8044eaaa01ee,batik,1,SulawesiSelatan_Lontara,0,False
augmented_balanced,2,3,8be73861e239,batik,1,SumateraBarat_Rumah_Minang,1,True
augmented_balanced,2,3,95f29eea7980,batik,1,SumateraBarat_Rumah_Minang,1,True
augmented_balanced,2,3,1a750a1ff1bb,batik,1,SumateraBarat_Rumah_Minang,1,True
augmented_balanced,2,3,4685b3b6f662,batik,1,Yogyakarta_Kawung,1,True
augmented_balanced,2,3,c2b746a6af12,batik,1,Yogyakarta_Kawung,1,True
augmented_balanced,2,3,ba741b615b90,batik,1,Yogyakarta_Kawung,1,True
augmented_balanced,2,3,d508f4f2374c,batik,1,Yogyakarta_Kawung,1,True
augmented_balanced,2,3,bd730be873eb,batik,1,Yogyakarta_Kawung,1,True
augmented_balanced,2,3,5a0b830d2c1b,batik,1,Yogyakarta_Kawung,1,True
augmented_balanced,2,3,bbdb13d788e1,batik,1,Yogyakarta_Kawung,1,True
augmented_balanced,2,3,eb2a2549a57f,batik,1,Yogyakarta_Kawung,1,True
augmented_balanced,2,3,1ae0673d1fc2,batik,1,Yogyakarta_Kawung,1,True
augmented_balanced,2,3,2a2a23410a51,batik,1,Yogyakarta_Kawung,1,True
augmented_balanced,2,3,224b3baae42f,batik,1,Yogyakarta_Parang,1,True
augmented_balanced,2,3,7a71ef3f3ade,batik,1,Yogyakarta_Parang,1,True
augmented_balanced,2,3,5417f1939333,batik,1,Yogyakarta_Parang,1,True
augmented_balanced,2,3,71b47ddc1aef,batik,1,Yogyakarta_Parang,1,True
augmented_balanced,2,3,fb19d7075d8a,batik,1,Yogyakarta_Parang,1,True
augmented_balanced,2,3,74dfb64fde15,batik,1,batik pekalongan,0,False
augmented_balanced,2,3,1e1c6c73c84d,batik,1,batik semarangan,1,True
augmented_balanced,2,3,9ca0fa064166,batik,1,batik semarangan,1,True
augmented_balanced,2,3,0fd5923aff43,batik,1,batik solo,1,True
augmented_balanced,2,3,f190f4ab82fd,non_batik,0,bunga_nonbatik,0,True
augmented_balanced,2,3,eac540cba307,non_batik,0,bunga_nonbatik,0,True
augmented_balanced,2,3,c9420c985ea9,non_batik,0,bunga_nonbatik,0,True
augmented_balanced,2,3,3d5238641255,non_batik,0,bunga_nonbatik,1,False
augmented_balanced,2,3,c11183e9d1cd,non_batik,0,garis,0,True
augmented_balanced,2,3,5749ecfbcd39,non_batik,0,modern,0,True
augmented_balanced,2,3,bb5154fad02f,non_batik,0,modern,0,True
augmented_balanced,2,3,699c4602a8e0,non_batik,0,modern,0,True
augmented_balanced,2,3,6a5fca546dc0,non_batik,0,modern,0,True
augmented_balanced,2,3,4bd0134802da,non_batik,0,polkadot,1,False
augmented_balanced,2,3,1937342e6d3a,non_batik,0,polos,0,True
augmented_balanced,2,3,e6a8630feb76,non_batik,0,tenun,0,True
augmented_balanced,2,3,dac06cb81326,non_batik,0,tenun,0,True
augmented_balanced,2,4,4887f2b0b9db,batik,1,Batik Sekar Jagad,1,True
augmented_balanced,2,4,e5f8bb3aa14e,batik,1,Batik Sekar Jagad,1,True
augmented_balanced,2,4,6ee03ea4ad8e,batik,1,Solo_Parang,1,True
augmented_balanced,2,4,fc1e0904dd28,batik,1,Solo_Parang,1,True
augmented_balanced,2,4,cc4ed19c721d,batik,1,Solo_Parang,1,True
augmented_balanced,2,4,204cc85f05f5,batik,1,Solo_Parang,1,True
augmented_balanced,2,4,ef0f096eef7d,batik,1,Solo_Parang,1,True
augmented_balanced,2,4,1ebf8c8980d8,batik,1,SulawesiSelatan_Lontara,0,False
augmented_balanced,2,4,482d00c6689f,batik,1,SumateraBarat_Rumah_Minang,1,True
augmented_balanced,2,4,35db741433f7,batik,1,SumateraBarat_Rumah_Minang,1,True
augmented_balanced,2,4,20802bdd836c,batik,1,SumateraBarat_Rumah_Minang,1,True
augmented_balanced,2,4,be07729e8e4c,batik,1,SumateraBarat_Rumah_Minang,1,True
augmented_balanced,2,4,861b084216ea,batik,1,SumateraBarat_Rumah_Minang,1,True
augmented_balanced,2,4,f74bb111b026,batik,1,Yogyakarta_Kawung,1,True
augmented_balanced,2,4,01423db2bf4d,batik,1,Yogyakarta_Kawung,1,True
augmented_balanced,2,4,7a6a08371391,batik,1,Yogyakarta_Kawung,1,True
augmented_balanced,2,4,c23c92dfb3a6,batik,1,Yogyakarta_Kawung,1,True
augmented_balanced,2,4,973f90f1c799,batik,1,Yogyakarta_Kawung,1,True
augmented_balanced,2,4,9c55efc8bc01,batik,1,Yogyakarta_Kawung,1,True
augmented_balanced,2,4,72cc088c4040,batik,1,Yogyakarta_Parang,1,True
augmented_balanced,2,4,05ccbfc92105,batik,1,Yogyakarta_Parang,0,False
augmented_balanced,2,4,9710a61c2b42,batik,1,Yogyakarta_Parang,1,True
augmented_balanced,2,4,aa85c99944f2,batik,1,Yogyakarta_Parang,1,True
augmented_balanced,2,4,5bfe72414caf,batik,1,batik pekalongan,1,True
augmented_balanced,2,4,cba62b260aa8,batik,1,batik pekalongan,0,False
augmented_balanced,2,4,e9fea915240b,batik,1,batik pekalongan,1,True
augmented_balanced,2,4,028b7571da11,batik,1,batik semarangan,1,True
augmented_balanced,2,4,1c522c3d0bdc,non_batik,0,bunga_nonbatik,0,True
augmented_balanced,2,4,1f9fa02cb0e6,non_batik,0,bunga_nonbatik,0,True
augmented_balanced,2,4,bbcc043171d4,non_batik,0,garis,0,True
augmented_balanced,2,4,4b2cb2577a69,non_batik,0,geometris,0,True
augmented_balanced,2,4,9dd396e5e2cf,non_batik,0,geometris,0,True
augmented_balanced,2,4,d9276d559999,non_batik,0,geometris,0,True
augmented_balanced,2,4,bcabfe0310f4,non_batik,0,kotak,0,True
augmented_balanced,2,4,3f3ad4376dd0,non_batik,0,modern,0,True
augmented_balanced,2,4,ffeae644af12,non_batik,0,polkadot,0,True
augmented_balanced,2,4,3c1f730579dc,non_batik,0,polos,0,True
augmented_balanced,2,4,51819fbbc26f,non_batik,0,polos,0,True
augmented_balanced,2,4,378df26e0ccb,non_batik,0,polos,0,True
augmented_balanced,2,4,0b857a24ecf0,non_batik,0,tenun,0,True
augmented_balanced,2,5,aefd54b84960,batik,1,Batik Sekar Jagad,1,True
augmented_balanced,2,5,4cf5c0621088,batik,1,Batik Sekar Jagad,1,True
augmented_balanced,2,5,cf833bbbc2d2,batik,1,Batik Sekar Jagad,1,True
augmented_balanced,2,5,6442e19a4f03,batik,1,Solo_Parang,1,True
augmented_balanced,2,5,de330aa7d1a2,batik,1,Solo_Parang,1,True
augmented_balanced,2,5,ec9825accca7,batik,1,Solo_Parang,1,True
augmented_balanced,2,5,418868e904b3,batik,1,Solo_Parang,1,True
augmented_balanced,2,5,7df4d5dd4fc0,batik,1,Solo_Parang,1,True
augmented_balanced,2,5,a10f0a7e53bd,batik,1,Solo_Parang,1,True
augmented_balanced,2,5,6dc41f6c55a3,batik,1,Solo_Parang,1,True
augmented_balanced,2,5,68d05da78831,batik,1,Solo_Parang,1,True
augmented_balanced,2,5,e49dc5a7d4dd,batik,1,SulawesiSelatan_Lontara,1,True
augmented_balanced,2,5,72312efd43da,batik,1,SulawesiSelatan_Lontara,1,True
augmented_balanced,2,5,a291e5c48a49,batik,1,SumateraBarat_Rumah_Minang,1,True
augmented_balanced,2,5,9cc5012e3077,batik,1,SumateraBarat_Rumah_Minang,1,True
augmented_balanced,2,5,8c566ec9c05a,batik,1,SumateraBarat_Rumah_Minang,1,True
augmented_balanced,2,5,7cb908544ba8,batik,1,Yogyakarta_Kawung,1,True
augmented_balanced,2,5,318560941f39,batik,1,Yogyakarta_Kawung,1,True
augmented_balanced,2,5,46224a6951cd,batik,1,Yogyakarta_Kawung,1,True
augmented_balanced,2,5,9c71e54f91f9,batik,1,Yogyakarta_Parang,1,True
augmented_balanced,2,5,cef09f780063,batik,1,Yogyakarta_Parang,0,False
augmented_balanced,2,5,7556e7595482,batik,1,Yogyakarta_Parang,1,True
augmented_balanced,2,5,3c68bb5f2327,batik,1,Yogyakarta_Parang,1,True
augmented_balanced,2,5,a940ff920c6c,batik,1,Yogyakarta_Parang,1,True
augmented_balanced,2,5,fd0c795decdf,batik,1,Yogyakarta_Parang,1,True
augmented_balanced,2,5,a234e5ca3e30,batik,1,batik semarangan,1,True
augmented_balanced,2,5,f11fc60776fe,batik,1,batik solo,1,True
augmented_balanced,2,5,3424f5620431,non_batik,0,bunga_nonbatik,0,True
augmented_balanced,2,5,21b7b85d4086,non_batik,0,bunga_nonbatik,0,True
augmented_balanced,2,5,62ac50dcc85a,non_batik,0,bunga_nonbatik,0,True
augmented_balanced,2,5,c5761d229b6c,non_batik,0,garis,0,True
augmented_balanced,2,5,c1afa12764cf,non_batik,0,garis,0,True
augmented_balanced,2,5,8050e3061ee9,non_batik,0,modern,0,True
augmented_balanced,2,5,3ca855a91edc,non_batik,0,modern,0,True
augmented_balanced,2,5,ad3de2744108,non_batik,0,modern,0,True
augmented_balanced,2,5,d5ce7ee1e352,non_batik,0,polos,0,True
augmented_balanced,2,5,0ed496d9169c,non_batik,0,polos,0,True
augmented_balanced,2,5,d916f3c4756e,non_batik,0,tenun,0,True
augmented_balanced,2,5,3db82daf6e86,non_batik,0,tenun,0,True
augmented_balanced,2,5,be63966ec5ec,non_batik,0,tenun,0,True
