condition,color,pretraining,dimensionality,repeat,outer_fold,selected_model,inner_macro_f1,train_instances,test_originals,accuracy,balanced_accuracy,precision_macro,recall_macro,f1_macro,mcc,recall_non_batik,recall_batik
rgb+pretrained+full512,rgb,pretrained,full512,1,1,SVM (RBF),0.943438227565586,400,40,0.975,0.9814814814814814,0.9642857142857143,0.9814814814814814,0.9720475192173306,0.9456108576893004,1.0,0.9629629629629629
rgb+pretrained+full512,rgb,pretrained,full512,1,2,Random Forest,0.9566640766640767,400,40,0.9,0.886039886039886,0.886039886039886,0.886039886039886,0.886039886039886,0.7720797720797721,0.8461538461538461,0.9259259259259259
rgb+pretrained+full512,rgb,pretrained,full512,1,3,SVM (RBF),0.941274702549914,400,41,1.0,1.0,1.0,1.0,1.0,1.0,1.0,1.0
rgb+pretrained+full512,rgb,pretrained,full512,1,4,SVM (RBF),0.9366332821248412,400,40,0.975,0.9583333333333333,0.9827586206896552,0.9583333333333333,0.969488939740656,0.9407749312478345,0.9166666666666666,1.0
rgb+pretrained+full512,rgb,pretrained,full512,1,5,Logistic Regression,0.9274318054979511,400,40,0.875,0.8475783475783476,0.8630952380952381,0.8475783475783476,0.8545454545454545,0.7105041671115223,0.7692307692307693,0.9259259259259259
rgb+pretrained+full512,rgb,pretrained,full512,2,1,SVM (RBF),0.9430776825625461,400,40,0.975,0.9615384615384616,0.9821428571428572,0.9615384615384616,0.9709090909090909,0.9434563530497264,0.9230769230769231,1.0
rgb+pretrained+full512,rgb,pretrained,full512,2,2,SVM (RBF),0.9492053568941441,400,40,1.0,1.0,1.0,1.0,1.0,1.0,1.0,1.0
rgb+pretrained+full512,rgb,pretrained,full512,2,3,Random Forest,0.9708582001506529,400,41,0.9512195121951219,0.9436813186813187,0.9436813186813187,0.9436813186813187,0.9436813186813187,0.8873626373626373,0.9230769230769231,0.9642857142857143
rgb+pretrained+full512,rgb,pretrained,full512,2,4,SVM (RBF),0.9639558432482962,400,40,0.9,0.8571428571428572,0.9,0.8571428571428572,0.8746081504702194,0.7559289460184545,0.75,0.9642857142857143
rgb+pretrained+full512,rgb,pretrained,full512,2,5,Random Forest,0.9333849483849483,400,40,0.925,0.9444444444444444,0.90625,0.9444444444444444,0.9188640973630832,0.8498365855987975,1.0,0.8888888888888888
rgb+pretrained+full512,rgb,pretrained,full512,3,1,SVM (RBF),0.9340653885466286,400,41,1.0,1.0,1.0,1.0,1.0,1.0,1.0,1.0
rgb+pretrained+full512,rgb,pretrained,full512,3,2,Logistic Regression,0.9437831141604726,400,40,0.975,0.9615384615384616,0.9821428571428572,0.9615384615384616,0.9709090909090909,0.9434563530497264,0.9230769230769231,1.0
rgb+pretrained+full512,rgb,pretrained,full512,3,3,Logistic Regression,0.978261562998405,400,40,0.875,0.8675213675213675,0.8543956043956045,0.8675213675213675,0.8602375960866526,0.7217976369344363,0.8461538461538461,0.8888888888888888
rgb+pretrained+full512,rgb,pretrained,full512,3,4,Logistic Regression,0.9430898730898731,400,40,0.95,0.9404761904761905,0.9404761904761905,0.9404761904761905,0.9404761904761905,0.8809523809523809,0.9166666666666666,0.9642857142857143
rgb+pretrained+full512,rgb,pretrained,full512,3,5,Random Forest,0.949688977303178,400,40,0.9,0.8660968660968661,0.9028213166144201,0.8660968660968661,0.8809523809523809,0.7680406801974818,0.7692307692307693,0.9629629629629629
rgb+pretrained+full512,rgb,pretrained,full512,4,1,Logistic Regression,0.9637552469880055,400,40,0.825,0.7507122507122507,0.84375,0.7507122507122507,0.7740112994350282,0.5871365639519862,0.5384615384615384,0.9629629629629629
rgb+pretrained+full512,rgb,pretrained,full512,4,2,Random Forest,0.9573348873348874,400,40,0.95,0.9404761904761905,0.9404761904761905,0.9404761904761905,0.9404761904761905,0.8809523809523809,0.9166666666666666,0.9642857142857143
rgb+pretrained+full512,rgb,pretrained,full512,4,3,Logistic Regression,0.9281359377606841,400,41,0.926829268292683,0.9464285714285714,0.90625,0.9464285714285714,0.9199739752765127,0.8517314298365586,1.0,0.8928571428571429
rgb+pretrained+full512,rgb,pretrained,full512,4,4,SVM (RBF),0.9486966063853935,400,40,0.975,0.9814814814814814,0.9642857142857143,0.9814814814814814,0.9720475192173306,0.9456108576893004,1.0,0.9629629629629629
rgb+pretrained+full512,rgb,pretrained,full512,4,5,SVM (RBF),0.935481647981648,400,40,1.0,1.0,1.0,1.0,1.0,1.0,1.0,1.0
rgb+pretrained+full512,rgb,pretrained,full512,5,1,Logistic Regression,0.9498296691850512,400,41,0.926829268292683,0.8846153846153846,0.9516129032258065,0.8846153846153846,0.9093588798820929,0.8335400901491518,0.7692307692307693,1.0
rgb+pretrained+full512,rgb,pretrained,full512,5,2,SVM (RBF),0.9354006430894302,400,40,0.975,0.9814814814814814,0.9642857142857143,0.9814814814814814,0.9720475192173306,0.9456108576893004,1.0,0.9629629629629629
rgb+pretrained+full512,rgb,pretrained,full512,5,3,Random Forest,0.9411565588705575,400,40,0.975,0.9615384615384616,0.9821428571428572,0.9615384615384616,0.9709090909090909,0.9434563530497264,0.9230769230769231,1.0
rgb+pretrained+full512,rgb,pretrained,full512,5,4,SVM (RBF),0.9646713620062677,400,40,0.925,0.9226190476190477,0.9045584045584045,0.9226190476190477,0.9127272727272727,0.8269802600806244,0.9166666666666666,0.9285714285714286
rgb+pretrained+full512,rgb,pretrained,full512,5,5,SVM (RBF),0.9418979266347687,400,40,0.975,0.9814814814814814,0.9642857142857143,0.9814814814814814,0.9720475192173306,0.9456108576893004,1.0,0.9629629629629629
rgb+pretrained+pca6,rgb,pretrained,pca6,1,1,SVM (RBF),0.957129860879861,400,40,0.95,0.962962962962963,0.9333333333333333,0.962962962962963,0.945054945054945,0.8958064164776166,1.0,0.9259259259259259
rgb+pretrained+pca6,rgb,pretrained,pca6,1,2,Logistic Regression,0.9496917896917897,400,40,0.9,0.886039886039886,0.886039886039886,0.886039886039886,0.886039886039886,0.7720797720797721,0.8461538461538461,0.9259259259259259
rgb+pretrained+pca6,rgb,pretrained,pca6,1,3,SVM (RBF),0.9353803802404974,400,41,0.975609756097561,0.9615384615384616,0.9827586206896552,0.9615384615384616,0.9712280701754386,0.9440586233651661,0.9230769230769231,1.0
rgb+pretrained+pca6,rgb,pretrained,pca6,1,4,Random Forest,0.9213526492101543,400,40,0.95,0.9642857142857143,0.9285714285714286,0.9642857142857143,0.9430199430199431,0.8921425711997711,1.0,0.9285714285714286
rgb+pretrained+pca6,rgb,pretrained,pca6,1,5,Logistic Regression,0.9160782732030197,400,40,0.95,0.9430199430199431,0.9430199430199431,0.9430199430199431,0.9430199430199431,0.886039886039886,0.9230769230769231,0.9629629629629629
rgb+pretrained+pca6,rgb,pretrained,pca6,2,1,Logistic Regression,0.9341230477133113,400,40,0.975,0.9615384615384616,0.9821428571428572,0.9615384615384616,0.9709090909090909,0.9434563530497264,0.9230769230769231,1.0
rgb+pretrained+pca6,rgb,pretrained,pca6,2,2,Random Forest,0.9645252992621414,400,40,0.95,0.9430199430199431,0.9430199430199431,0.9430199430199431,0.9430199430199431,0.886039886039886,0.9230769230769231,0.9629629629629629
rgb+pretrained+pca6,rgb,pretrained,pca6,2,3,SVM (RBF),0.9632499750424279,400,41,0.8780487804878049,0.8695054945054945,0.8558201058201058,0.8695054945054945,0.8619528619528619,0.7251964813926101,0.8461538461538461,0.8928571428571429
rgb+pretrained+pca6,rgb,pretrained,pca6,2,4,SVM (RBF),0.9167938542938543,400,40,0.9,0.8571428571428572,0.9,0.8571428571428572,0.8746081504702194,0.7559289460184545,0.75,0.9642857142857143
rgb+pretrained+pca6,rgb,pretrained,pca6,2,5,Logistic Regression,0.9141237768316877,400,40,0.9,0.9259259259259259,0.8823529411764706,0.9259259259259259,0.8933333333333333,0.8071035385899118,1.0,0.8518518518518519
rgb+pretrained+pca6,rgb,pretrained,pca6,3,1,SVM (RBF),0.9137955859653973,400,41,1.0,1.0,1.0,1.0,1.0,1.0,1.0,1.0
rgb+pretrained+pca6,rgb,pretrained,pca6,3,2,SVM (RBF),0.9144458571346443,400,40,0.975,0.9814814814814814,0.9642857142857143,0.9814814814814814,0.9720475192173306,0.9456108576893004,1.0,0.9629629629629629
rgb+pretrained+pca6,rgb,pretrained,pca6,3,3,Random Forest,0.9442027879527879,400,40,0.875,0.8475783475783476,0.8630952380952381,0.8475783475783476,0.8545454545454545,0.7105041671115223,0.7692307692307693,0.9259259259259259
rgb+pretrained+pca6,rgb,pretrained,pca6,3,4,SVM (RBF),0.9502704702704703,400,40,0.925,0.8988095238095238,0.9200626959247649,0.8988095238095238,0.9084668192219679,0.8185963687481157,0.8333333333333334,0.9642857142857143
rgb+pretrained+pca6,rgb,pretrained,pca6,3,5,SVM (RBF),0.9209460081828502,400,40,0.9,0.8660968660968661,0.9028213166144201,0.8660968660968661,0.8809523809523809,0.7680406801974818,0.7692307692307693,0.9629629629629629
rgb+pretrained+pca6,rgb,pretrained,pca6,4,1,SVM (RBF),0.9415452977610066,400,40,0.825,0.7507122507122507,0.84375,0.7507122507122507,0.7740112994350282,0.5871365639519862,0.5384615384615384,0.9629629629629629
rgb+pretrained+pca6,rgb,pretrained,pca6,4,2,SVM (RBF),0.9358632108632109,400,40,0.975,0.9583333333333333,0.9827586206896552,0.9583333333333333,0.969488939740656,0.9407749312478345,0.9166666666666666,1.0
rgb+pretrained+pca6,rgb,pretrained,pca6,4,3,SVM (RBF),0.9268671143671143,400,41,0.8048780487804879,0.8159340659340659,0.7818627450980392,0.8159340659340659,0.7897435897435897,0.5968250768664491,0.8461538461538461,0.7857142857142857
rgb+pretrained+pca6,rgb,pretrained,pca6,4,4,SVM (RBF),0.9288448588448588,400,40,0.9,0.886039886039886,0.886039886039886,0.886039886039886,0.886039886039886,0.7720797720797721,0.8461538461538461,0.9259259259259259
rgb+pretrained+pca6,rgb,pretrained,pca6,4,5,Random Forest,0.9124087216119303,400,40,0.925,0.9245014245014245,0.9093406593406593,0.9245014245014245,0.9161425576519916,0.8337042473118683,0.9230769230769231,0.9259259259259259
rgb+pretrained+pca6,rgb,pretrained,pca6,5,1,SVM (RBF),0.9423840048840049,400,41,0.926829268292683,0.9052197802197802,0.9238505747126436,0.9052197802197802,0.9136842105263158,0.8288609937283452,0.8461538461538461,0.9642857142857143
rgb+pretrained+pca6,rgb,pretrained,pca6,5,2,Logistic Regression,0.9436757978863243,400,40,0.925,0.9245014245014245,0.9093406593406593,0.9245014245014245,0.9161425576519916,0.8337042473118683,0.9230769230769231,0.9259259259259259
rgb+pretrained+pca6,rgb,pretrained,pca6,5,3,SVM (RBF),0.9358630462205514,400,40,0.975,0.9615384615384616,0.9821428571428572,0.9615384615384616,0.9709090909090909,0.9434563530497264,0.9230769230769231,1.0
rgb+pretrained+pca6,rgb,pretrained,pca6,5,4,Logistic Regression,0.9361496670694784,400,40,0.825,0.8511904761904762,0.8017902813299234,0.8511904761904762,0.810682893847194,0.6511094304643837,0.9166666666666666,0.7857142857142857
rgb+pretrained+pca6,rgb,pretrained,pca6,5,5,Logistic Regression,0.9087186555582781,400,40,0.975,0.9814814814814814,0.9642857142857143,0.9814814814814814,0.9720475192173306,0.9456108576893004,1.0,0.9629629629629629
rgb+random+full512,rgb,random,full512,1,1,SVM (RBF),0.7876270077278127,400,40,0.825,0.8304843304843305,0.8020833333333333,0.8304843304843305,0.810682893847194,0.631929768778593,0.8461538461538461,0.8148148148148148
rgb+random+full512,rgb,random,full512,1,2,SVM (RBF),0.808574583572094,400,40,0.75,0.6552706552706553,0.7359307359307359,0.6552706552706553,0.6666666666666667,0.38279561108483623,0.38461538461538464,0.9259259259259259
rgb+random+full512,rgb,random,full512,1,3,SVM (RBF),0.8129730861686703,400,41,0.7804878048780488,0.7980769230769231,0.7620772946859904,0.7980769230769231,0.7666034155597723,0.5589962204105643,0.8461538461538461,0.75
rgb+random+full512,rgb,random,full512,1,4,Logistic Regression,0.8043094553736191,400,40,0.875,0.8392857142857143,0.8573667711598747,0.8392857142857143,0.84744469870328,0.696417806248397,0.75,0.9285714285714286
rgb+random+full512,rgb,random,full512,1,5,Logistic Regression,0.8324614332536533,400,40,0.7,0.6780626780626781,0.6666666666666667,0.6780626780626781,0.6703296703296704,0.34454092941446796,0.6153846153846154,0.7407407407407407
rgb+random+full512,rgb,random,full512,2,1,Logistic Regression,0.8068094693566391,400,40,0.875,0.8276353276353277,0.8833333333333333,0.8276353276353277,0.84744469870328,0.7087835840655705,0.6923076923076923,0.9629629629629629
rgb+random+full512,rgb,random,full512,2,2,Random Forest,0.7931171276974791,400,40,0.875,0.8475783475783476,0.8630952380952381,0.8475783475783476,0.8545454545454545,0.7105041671115223,0.7692307692307693,0.9259259259259259
rgb+random+full512,rgb,random,full512,2,3,SVM (RBF),0.8190314258083353,400,41,0.8292682926829268,0.8131868131868132,0.8015873015873016,0.8131868131868132,0.8067340067340067,0.6146646756784948,0.7692307692307693,0.8571428571428571
rgb+random+full512,rgb,random,full512,2,4,SVM (RBF),0.7970681522446323,400,40,0.8,0.7619047619047619,0.7619047619047619,0.7619047619047619,0.7619047619047619,0.5238095238095238,0.6666666666666666,0.8571428571428571
rgb+random+full512,rgb,random,full512,2,5,SVM (RBF),0.8134432374055015,400,40,0.825,0.8105413105413106,0.7994505494505495,0.8105413105413106,0.8043326345213138,0.6098910265570043,0.7692307692307693,0.8518518518518519
rgb+random+full512,rgb,random,full512,3,1,Random Forest,0.7757341732341733,400,41,0.8292682926829268,0.771978021978022,0.8193548387096774,0.771978021978022,0.7885040530582166,0.5894319208911859,0.6153846153846154,0.9285714285714286
rgb+random+full512,rgb,random,full512,3,2,Logistic Regression,0.7729700854700854,400,40,0.85,0.849002849002849,0.8266666666666667,0.849002849002849,0.8351648351648351,0.6753002216523571,0.8461538461538461,0.8518518518518519
rgb+random+full512,rgb,random,full512,3,3,SVM (RBF),0.811481461796107,400,40,0.825,0.8105413105413106,0.7994505494505495,0.8105413105413106,0.8043326345213138,0.6098910265570043,0.7692307692307693,0.8518518518518519
rgb+random+full512,rgb,random,full512,3,4,Logistic Regression,0.7881629163442475,400,40,0.875,0.8392857142857143,0.8573667711598747,0.8392857142857143,0.84744469870328,0.696417806248397,0.75,0.9285714285714286
rgb+random+full512,rgb,random,full512,3,5,SVM (RBF),0.7913029696333209,400,40,0.825,0.7905982905982906,0.8035714285714286,0.7905982905982906,0.7963636363636364,0.5940280741424203,0.6923076923076923,0.8888888888888888
rgb+random+full512,rgb,random,full512,4,1,SVM (RBF),0.8240069766013163,400,40,0.725,0.6367521367521367,0.6875,0.6367521367521367,0.6448748991121873,0.3202563076101743,0.38461538461538464,0.8888888888888888
rgb+random+full512,rgb,random,full512,4,2,Logistic Regression,0.7907389821132215,400,40,0.925,0.9226190476190477,0.9045584045584045,0.9226190476190477,0.9127272727272727,0.8269802600806244,0.9166666666666666,0.9285714285714286
rgb+random+full512,rgb,random,full512,4,3,Logistic Regression,0.7798099119569192,400,41,0.8048780487804879,0.8365384615384616,0.7930622009569378,0.8365384615384616,0.7949999999999999,0.6280977702400266,0.9230769230769231,0.75
rgb+random+full512,rgb,random,full512,4,4,Logistic Regression,0.815226393976394,400,40,0.9,0.8660968660968661,0.9028213166144201,0.8660968660968661,0.8809523809523809,0.7680406801974818,0.7692307692307693,0.9629629629629629
rgb+random+full512,rgb,random,full512,4,5,SVM (RBF),0.8216619280379853,400,40,0.85,0.809116809116809,0.8401253918495297,0.809116809116809,0.8214285714285714,0.6485012747192745,0.6923076923076923,0.9259259259259259
rgb+random+full512,rgb,random,full512,5,1,Logistic Regression,0.8388003191185155,400,41,0.7804878048780488,0.7362637362637363,0.7471264367816092,0.7362637362637363,0.7410526315789474,0.4832681048178826,0.6153846153846154,0.8571428571428571
rgb+random+full512,rgb,random,full512,5,2,Random Forest,0.7551621834542552,400,40,0.9,0.886039886039886,0.886039886039886,0.886039886039886,0.886039886039886,0.7720797720797721,0.8461538461538461,0.9259259259259259
rgb+random+full512,rgb,random,full512,5,3,Logistic Regression,0.830997019920247,400,40,0.9,0.8660968660968661,0.9028213166144201,0.8660968660968661,0.8809523809523809,0.7680406801974818,0.7692307692307693,0.9629629629629629
rgb+random+full512,rgb,random,full512,5,4,SVM (RBF),0.8224821386206795,400,40,0.85,0.7976190476190477,0.8333333333333334,0.7976190476190477,0.8119122257053292,0.629940788348712,0.6666666666666666,0.9285714285714286
rgb+random+full512,rgb,random,full512,5,5,SVM (RBF),0.8400465705076905,400,40,0.85,0.829059829059829,0.829059829059829,0.829059829059829,0.829059829059829,0.6581196581196581,0.7692307692307693,0.8888888888888888
rgb+random+pca6,rgb,random,pca6,1,1,Logistic Regression,0.8044861635294729,400,40,0.7,0.698005698005698,0.6777493606138107,0.698005698005698,0.6799999999999999,0.375208668441464,0.6923076923076923,0.7037037037037037
rgb+random+pca6,rgb,random,pca6,1,2,Logistic Regression,0.8010303610905588,400,40,0.8,0.7720797720797721,0.7720797720797721,0.7720797720797721,0.7720797720797721,0.5441595441595442,0.6923076923076923,0.8518518518518519
rgb+random+pca6,rgb,random,pca6,1,3,Logistic Regression,0.7660279028020963,400,41,0.8292682926829268,0.8337912087912087,0.80375,0.8337912087912087,0.8132726089785296,0.6368330383085654,0.8461538461538461,0.8214285714285714
rgb+random+pca6,rgb,random,pca6,1,4,Random Forest,0.7841716509769248,400,40,0.775,0.6964285714285714,0.7365591397849462,0.6964285714285714,0.7094430992736077,0.4311239909182913,0.5,0.8928571428571429
rgb+random+pca6,rgb,random,pca6,1,5,Logistic Regression,0.8230130566826352,400,40,0.825,0.8105413105413106,0.7994505494505495,0.8105413105413106,0.8043326345213138,0.6098910265570043,0.7692307692307693,0.8518518518518519
rgb+random+pca6,rgb,random,pca6,2,1,Logistic Regression,0.7965103519980252,400,40,0.9,0.905982905982906,0.88,0.905982905982906,0.8901098901098901,0.7855533190649869,0.9230769230769231,0.8888888888888888
rgb+random+pca6,rgb,random,pca6,2,2,Logistic Regression,0.7980105127505576,400,40,0.875,0.8475783475783476,0.8630952380952381,0.8475783475783476,0.8545454545454545,0.7105041671115223,0.7692307692307693,0.9259259259259259
rgb+random+pca6,rgb,random,pca6,2,3,Logistic Regression,0.8561988151610793,400,41,0.7317073170731707,0.7211538461538461,0.7012499999999999,0.7211538461538461,0.7065712426805466,0.42193464678057213,0.6923076923076923,0.75
rgb+random+pca6,rgb,random,pca6,2,4,Logistic Regression,0.8071358543417366,400,40,0.8,0.7857142857142857,0.7637362637362637,0.7857142857142857,0.7720797720797721,0.549010813046013,0.75,0.8214285714285714
rgb+random+pca6,rgb,random,pca6,2,5,Random Forest,0.8136644096802098,400,40,0.7,0.6780626780626781,0.6666666666666667,0.6780626780626781,0.6703296703296704,0.34454092941446796,0.6153846153846154,0.7407407407407407
rgb+random+pca6,rgb,random,pca6,3,1,Logistic Regression,0.7818675746160534,400,41,0.8292682926829268,0.8131868131868132,0.8015873015873016,0.8131868131868132,0.8067340067340067,0.6146646756784948,0.7692307692307693,0.8571428571428571
rgb+random+pca6,rgb,random,pca6,3,2,Logistic Regression,0.7729840041160796,400,40,0.9,0.886039886039886,0.886039886039886,0.886039886039886,0.886039886039886,0.7720797720797721,0.8461538461538461,0.9259259259259259
rgb+random+pca6,rgb,random,pca6,3,3,Logistic Regression,0.8115698766642162,400,40,0.775,0.7735042735042735,0.75,0.7735042735042735,0.7565922920892495,0.5229763603684907,0.7692307692307693,0.7777777777777778
rgb+random+pca6,rgb,random,pca6,3,4,Logistic Regression,0.7827095978123123,400,40,0.825,0.8273809523809523,0.7933333333333333,0.8273809523809523,0.8043326345213138,0.6197797868009122,0.8333333333333334,0.8214285714285714
rgb+random+pca6,rgb,random,pca6,3,5,Logistic Regression,0.8192423722377639,400,40,0.8,0.7521367521367521,0.7774294670846396,0.7521367521367521,0.7619047619047619,0.5289618692410673,0.6153846153846154,0.8888888888888888
rgb+random+pca6,rgb,random,pca6,4,1,Logistic Regression,0.8001750759223298,400,40,0.775,0.7136752136752136,0.75,0.7136752136752136,0.7254004576659039,0.46225016352102427,0.5384615384615384,0.8888888888888888
rgb+random+pca6,rgb,random,pca6,4,2,Logistic Regression,0.7715151865279742,400,40,0.925,0.9226190476190477,0.9045584045584045,0.9226190476190477,0.9127272727272727,0.8269802600806244,0.9166666666666666,0.9285714285714286
rgb+random+pca6,rgb,random,pca6,4,3,Logistic Regression,0.7915712990712991,400,41,0.8292682926829268,0.875,0.825,0.875,0.8225108225108224,0.698212002188447,1.0,0.75
rgb+random+pca6,rgb,random,pca6,4,4,Logistic Regression,0.7822380609839767,400,40,0.775,0.7735042735042735,0.75,0.7735042735042735,0.7565922920892495,0.5229763603684907,0.7692307692307693,0.7777777777777778
rgb+random+pca6,rgb,random,pca6,4,5,SVM (RBF),0.8066228271973215,400,40,0.725,0.6766381766381766,0.6845238095238095,0.6766381766381766,0.68,0.36107588820421627,0.5384615384615384,0.8148148148148148
rgb+random+pca6,rgb,random,pca6,5,1,Logistic Regression,0.823646739780684,400,41,0.7073170731707317,0.6620879120879121,0.6620879120879121,0.6620879120879121,0.6620879120879121,0.3241758241758242,0.5384615384615384,0.7857142857142857
rgb+random+pca6,rgb,random,pca6,5,2,Random Forest,0.760193330681106,400,40,0.875,0.8475783475783476,0.8630952380952381,0.8475783475783476,0.8545454545454545,0.7105041671115223,0.7692307692307693,0.9259259259259259
rgb+random+pca6,rgb,random,pca6,5,3,Logistic Regression,0.7856315417636173,400,40,0.875,0.8675213675213675,0.8543956043956045,0.8675213675213675,0.8602375960866526,0.7217976369344363,0.8461538461538461,0.8888888888888888
rgb+random+pca6,rgb,random,pca6,5,4,SVM (RBF),0.8023795672337523,400,40,0.85,0.8214285714285714,0.8214285714285714,0.8214285714285714,0.8214285714285714,0.6428571428571429,0.75,0.8928571428571429
rgb+random+pca6,rgb,random,pca6,5,5,SVM (RBF),0.8041772738755497,400,40,0.85,0.829059829059829,0.829059829059829,0.829059829059829,0.829059829059829,0.6581196581196581,0.7692307692307693,0.8888888888888888
gray+pretrained+full512,gray,pretrained,full512,1,1,SVM (RBF),0.9504421809846338,400,40,0.975,0.9814814814814814,0.9642857142857143,0.9814814814814814,0.9720475192173306,0.9456108576893004,1.0,0.9629629629629629
gray+pretrained+full512,gray,pretrained,full512,1,2,Logistic Regression,0.9711391004944824,400,40,0.875,0.8675213675213675,0.8543956043956045,0.8675213675213675,0.8602375960866526,0.7217976369344363,0.8461538461538461,0.8888888888888888
gray+pretrained+full512,gray,pretrained,full512,1,3,Logistic Regression,0.9493854178304406,400,41,0.975609756097561,0.9615384615384616,0.9827586206896552,0.9615384615384616,0.9712280701754386,0.9440586233651661,0.9230769230769231,1.0
gray+pretrained+full512,gray,pretrained,full512,1,4,Random Forest,0.9438242206418849,400,40,1.0,1.0,1.0,1.0,1.0,1.0,1.0,1.0
gray+pretrained+full512,gray,pretrained,full512,1,5,Random Forest,0.9361748890522477,400,40,0.975,0.9615384615384616,0.9821428571428572,0.9615384615384616,0.9709090909090909,0.9434563530497264,0.9230769230769231,1.0
gray+pretrained+full512,gray,pretrained,full512,2,1,Logistic Regression,0.9274037013713234,400,40,0.95,0.9230769230769231,0.9655172413793103,0.9230769230769231,0.9404761904761905,0.8875800856756891,0.8461538461538461,1.0
gray+pretrained+full512,gray,pretrained,full512,2,2,SVM (RBF),0.9506155409928995,400,40,0.925,0.9045584045584045,0.9226190476190477,0.9045584045584045,0.9127272727272727,0.8269802600806244,0.8461538461538461,0.9629629629629629
gray+pretrained+full512,gray,pretrained,full512,2,3,SVM (RBF),0.9552476322288723,400,41,0.926829268292683,0.9464285714285714,0.90625,0.9464285714285714,0.9199739752765127,0.8517314298365586,1.0,0.8928571428571429
gray+pretrained+full512,gray,pretrained,full512,2,4,Logistic Regression,0.9299031666061595,400,40,0.975,0.9821428571428572,0.9615384615384616,0.9821428571428572,0.9709090909090909,0.9434563530497264,1.0,0.9642857142857143
gray+pretrained+full512,gray,pretrained,full512,2,5,SVM (RBF),0.9285458721559893,400,40,0.975,0.9814814814814814,0.9642857142857143,0.9814814814814814,0.9720475192173306,0.9456108576893004,1.0,0.9629629629629629
gray+pretrained+full512,gray,pretrained,full512,3,1,Logistic Regression,0.9205149323073851,400,41,0.975609756097561,0.9615384615384616,0.9827586206896552,0.9615384615384616,0.9712280701754386,0.9440586233651661,0.9230769230769231,1.0
gray+pretrained+full512,gray,pretrained,full512,3,2,Logistic Regression,0.9439469780743365,400,40,0.975,0.9615384615384616,0.9821428571428572,0.9615384615384616,0.9709090909090909,0.9434563530497264,0.9230769230769231,1.0
gray+pretrained+full512,gray,pretrained,full512,3,3,Random Forest,0.963681050917893,400,40,0.9,0.905982905982906,0.88,0.905982905982906,0.8901098901098901,0.7855533190649869,0.9230769230769231,0.8888888888888888
gray+pretrained+full512,gray,pretrained,full512,3,4,Logistic Regression,0.9716594822019351,400,40,0.9,0.8809523809523809,0.8809523809523809,0.8809523809523809,0.8809523809523809,0.7619047619047619,0.8333333333333334,0.9285714285714286
gray+pretrained+full512,gray,pretrained,full512,3,5,Random Forest,0.9294619871742513,400,40,0.925,0.9245014245014245,0.9093406593406593,0.9245014245014245,0.9161425576519916,0.8337042473118683,0.9230769230769231,0.9259259259259259
gray+pretrained+full512,gray,pretrained,full512,4,1,Logistic Regression,0.9642639974967562,400,40,0.9,0.8660968660968661,0.9028213166144201,0.8660968660968661,0.8809523809523809,0.7680406801974818,0.7692307692307693,0.9629629629629629
gray+pretrained+full512,gray,pretrained,full512,4,2,SVM (RBF),0.9503467671392201,400,40,0.975,0.9821428571428572,0.9615384615384616,0.9821428571428572,0.9709090909090909,0.9434563530497264,1.0,0.9642857142857143
gray+pretrained+full512,gray,pretrained,full512,4,3,SVM (RBF),0.9492291042291043,400,41,0.8536585365853658,0.8310439560439561,0.8310439560439561,0.8310439560439561,0.8310439560439561,0.6620879120879121,0.7692307692307693,0.8928571428571429
gray+pretrained+full512,gray,pretrained,full512,4,4,SVM (RBF),0.9503627696552225,400,40,0.95,0.9430199430199431,0.9430199430199431,0.9430199430199431,0.9430199430199431,0.886039886039886,0.9230769230769231,0.9629629629629629
gray+pretrained+full512,gray,pretrained,full512,4,5,SVM (RBF),0.9203464380352252,400,40,0.975,0.9814814814814814,0.9642857142857143,0.9814814814814814,0.9720475192173306,0.9456108576893004,1.0,0.9629629629629629
gray+pretrained+full512,gray,pretrained,full512,5,1,SVM (RBF),0.9572174575948161,400,41,1.0,1.0,1.0,1.0,1.0,1.0,1.0,1.0
gray+pretrained+full512,gray,pretrained,full512,5,2,Random Forest,0.9497742402509035,400,40,0.95,0.9430199430199431,0.9430199430199431,0.9430199430199431,0.9430199430199431,0.886039886039886,0.9230769230769231,0.9629629629629629
gray+pretrained+full512,gray,pretrained,full512,5,3,SVM (RBF),0.9267152361384922,400,40,0.975,0.9615384615384616,0.9821428571428572,0.9615384615384616,0.9709090909090909,0.9434563530497264,0.9230769230769231,1.0
gray+pretrained+full512,gray,pretrained,full512,5,4,SVM (RBF),0.9514596820021348,400,40,0.9,0.9285714285714286,0.875,0.9285714285714286,0.8901098901098901,0.8017837257372732,1.0,0.8571428571428571
gray+pretrained+full512,gray,pretrained,full512,5,5,Random Forest,0.9425844063344064,400,40,0.975,0.9814814814814814,0.9642857142857143,0.9814814814814814,0.9720475192173306,0.9456108576893004,1.0,0.9629629629629629
gray+pretrained+pca6,gray,pretrained,pca6,1,1,Logistic Regression,0.920805057515584,400,40,0.925,0.9444444444444444,0.90625,0.9444444444444444,0.9188640973630832,0.8498365855987975,1.0,0.8888888888888888
gray+pretrained+pca6,gray,pretrained,pca6,1,2,SVM (RBF),0.9415434764035935,400,40,0.875,0.8475783475783476,0.8630952380952381,0.8475783475783476,0.8545454545454545,0.7105041671115223,0.7692307692307693,0.9259259259259259
gray+pretrained+pca6,gray,pretrained,pca6,1,3,Logistic Regression,0.9275504684975686,400,41,0.926829268292683,0.8846153846153846,0.9516129032258065,0.8846153846153846,0.9093588798820929,0.8335400901491518,0.7692307692307693,1.0
gray+pretrained+pca6,gray,pretrained,pca6,1,4,Logistic Regression,0.9004416006195737,400,40,0.975,0.9583333333333333,0.9827586206896552,0.9583333333333333,0.969488939740656,0.9407749312478345,0.9166666666666666,1.0
gray+pretrained+pca6,gray,pretrained,pca6,1,5,Logistic Regression,0.9071606115034874,400,40,0.975,0.9814814814814814,0.9642857142857143,0.9814814814814814,0.9720475192173306,0.9456108576893004,1.0,0.9629629629629629
gray+pretrained+pca6,gray,pretrained,pca6,2,1,SVM (RBF),0.9017578809045788,400,40,0.95,0.9230769230769231,0.9655172413793103,0.9230769230769231,0.9404761904761905,0.8875800856756891,0.8461538461538461,1.0
gray+pretrained+pca6,gray,pretrained,pca6,2,2,Random Forest,0.9139957264957265,400,40,0.875,0.8675213675213675,0.8543956043956045,0.8675213675213675,0.8602375960866526,0.7217976369344363,0.8461538461538461,0.8888888888888888
gray+pretrained+pca6,gray,pretrained,pca6,2,3,Logistic Regression,0.9557526760043923,400,41,0.8292682926829268,0.8337912087912087,0.80375,0.8337912087912087,0.8132726089785296,0.6368330383085654,0.8461538461538461,0.8214285714285714
gray+pretrained+pca6,gray,pretrained,pca6,2,4,SVM (RBF),0.9199186580841087,400,40,0.925,0.8988095238095238,0.9200626959247649,0.8988095238095238,0.9084668192219679,0.8185963687481157,0.8333333333333334,0.9642857142857143
gray+pretrained+pca6,gray,pretrained,pca6,2,5,Logistic Regression,0.9100827850843863,400,40,0.975,0.9814814814814814,0.9642857142857143,0.9814814814814814,0.9720475192173306,0.9456108576893004,1.0,0.9629629629629629
gray+pretrained+pca6,gray,pretrained,pca6,3,1,Random Forest,0.9115020736091717,400,41,0.9024390243902439,0.8667582417582418,0.9045454545454545,0.8667582417582418,0.882183908045977,0.7703775168587922,0.7692307692307693,0.9642857142857143
gray+pretrained+pca6,gray,pretrained,pca6,3,2,SVM (RBF),0.9109360036515208,400,40,0.95,0.962962962962963,0.9333333333333333,0.962962962962963,0.945054945054945,0.8958064164776166,1.0,0.9259259259259259
gray+pretrained+pca6,gray,pretrained,pca6,3,3,Logistic Regression,0.9280964334974848,400,40,0.9,0.905982905982906,0.88,0.905982905982906,0.8901098901098901,0.7855533190649869,0.9230769230769231,0.8888888888888888
gray+pretrained+pca6,gray,pretrained,pca6,3,4,Logistic Regression,0.9285477022977023,400,40,0.925,0.8988095238095238,0.9200626959247649,0.8988095238095238,0.9084668192219679,0.8185963687481157,0.8333333333333334,0.9642857142857143
gray+pretrained+pca6,gray,pretrained,pca6,3,5,Random Forest,0.9014060764532463,400,40,0.975,0.9615384615384616,0.9821428571428572,0.9615384615384616,0.9709090909090909,0.9434563530497264,0.9230769230769231,1.0
gray+pretrained+pca6,gray,pretrained,pca6,4,1,Random Forest,0.9349862401170435,400,40,0.925,0.9045584045584045,0.9226190476190477,0.9045584045584045,0.9127272727272727,0.8269802600806244,0.8461538461538461,0.9629629629629629
gray+pretrained+pca6,gray,pretrained,pca6,4,2,SVM (RBF),0.9074225311725312,400,40,0.975,0.9583333333333333,0.9827586206896552,0.9583333333333333,0.969488939740656,0.9407749312478345,0.9166666666666666,1.0
gray+pretrained+pca6,gray,pretrained,pca6,4,3,Logistic Regression,0.928555611055611,400,41,0.7560975609756098,0.739010989010989,0.7230769230769231,0.739010989010989,0.7288359788359788,0.4618131050983447,0.6923076923076923,0.7857142857142857
gray+pretrained+pca6,gray,pretrained,pca6,4,4,SVM (RBF),0.9351616677245969,400,40,0.925,0.9245014245014245,0.9093406593406593,0.9245014245014245,0.9161425576519916,0.8337042473118683,0.9230769230769231,0.9259259259259259
gray+pretrained+pca6,gray,pretrained,pca6,4,5,SVM (RBF),0.8779070929070928,400,40,0.95,0.9230769230769231,0.9655172413793103,0.9230769230769231,0.9404761904761905,0.8875800856756891,0.8461538461538461,1.0
gray+pretrained+pca6,gray,pretrained,pca6,5,1,Logistic Regression,0.929027869405228,400,41,0.9024390243902439,0.8667582417582418,0.9045454545454545,0.8667582417582418,0.882183908045977,0.7703775168587922,0.7692307692307693,0.9642857142857143
gray+pretrained+pca6,gray,pretrained,pca6,5,2,SVM (RBF),0.92993376993377,400,40,0.95,0.9430199430199431,0.9430199430199431,0.9430199430199431,0.9430199430199431,0.886039886039886,0.9230769230769231,0.9629629629629629
gray+pretrained+pca6,gray,pretrained,pca6,5,3,SVM (RBF),0.8864326083510453,400,40,0.925,0.9045584045584045,0.9226190476190477,0.9045584045584045,0.9127272727272727,0.8269802600806244,0.8461538461538461,0.9629629629629629
gray+pretrained+pca6,gray,pretrained,pca6,5,4,SVM (RBF),0.9283657829536677,400,40,0.925,0.9226190476190477,0.9045584045584045,0.9226190476190477,0.9127272727272727,0.8269802600806244,0.9166666666666666,0.9285714285714286
gray+pretrained+pca6,gray,pretrained,pca6,5,5,Logistic Regression,0.9134934972434973,400,40,0.95,0.9430199430199431,0.9430199430199431,0.9430199430199431,0.9430199430199431,0.886039886039886,0.9230769230769231,0.9629629629629629
gray+random+full512,gray,random,full512,1,1,SVM (RBF),0.836571490956163,400,40,0.875,0.8874643874643875,0.8541666666666667,0.8874643874643875,0.8647734956051386,0.7408831771886952,0.9230769230769231,0.8518518518518519
gray+random+full512,gray,random,full512,1,2,SVM (RBF),0.8257128081125723,400,40,0.725,0.6566951566951567,0.6833333333333333,0.6566951566951567,0.6643783371472158,0.3389834532487511,0.46153846153846156,0.8518518518518519
gray+random+full512,gray,random,full512,1,3,Random Forest,0.8085435492800069,400,41,0.8536585365853658,0.8516483516483516,0.8282051282051281,0.8516483516483516,0.8373015873015872,0.6794491661217026,0.8461538461538461,0.8571428571428571
gray+random+full512,gray,random,full512,1,4,SVM (RBF),0.8374004687747081,400,40,0.875,0.8154761904761905,0.8799283154121864,0.8154761904761905,0.8385794995964487,0.6924112581414982,0.6666666666666666,0.9642857142857143
gray+random+full512,gray,random,full512,1,5,Logistic Regression,0.8473440598810057,400,40,0.75,0.7350427350427351,0.72,0.7350427350427351,0.7252747252747254,0.4547940268270977,0.6923076923076923,0.7777777777777778
gray+random+full512,gray,random,full512,2,1,SVM (RBF),0.8026845536328294,400,40,0.95,0.9230769230769231,0.9655172413793103,0.9230769230769231,0.9404761904761905,0.8875800856756891,0.8461538461538461,1.0
gray+random+full512,gray,random,full512,2,2,Logistic Regression,0.8006090485495518,400,40,0.925,0.9045584045584045,0.9226190476190477,0.9045584045584045,0.9127272727272727,0.8269802600806244,0.8461538461538461,0.9629629629629629
gray+random+full512,gray,random,full512,2,3,Random Forest,0.8769645169645169,400,41,0.7560975609756098,0.7184065934065934,0.7184065934065934,0.7184065934065934,0.7184065934065934,0.4368131868131868,0.6153846153846154,0.8214285714285714
gray+random+full512,gray,random,full512,2,4,Random Forest,0.8445478278389029,400,40,0.775,0.7678571428571428,0.74,0.7678571428571428,0.7484276729559749,0.50709255283711,0.75,0.7857142857142857
gray+random+full512,gray,random,full512,2,5,SVM (RBF),0.8588307671218421,400,40,0.8,0.792022792022792,0.7733333333333333,0.792022792022792,0.7802197802197802,0.5650471242397274,0.7692307692307693,0.8148148148148148
gray+random+full512,gray,random,full512,3,1,Random Forest,0.8240083204705846,400,41,0.8780487804878049,0.8282967032967032,0.885483870967742,0.8282967032967032,0.8489314664701548,0.7114860055201688,0.6923076923076923,0.9642857142857143
gray+random+full512,gray,random,full512,3,2,Logistic Regression,0.8276268729886881,400,40,0.875,0.8475783475783476,0.8630952380952381,0.8475783475783476,0.8545454545454545,0.7105041671115223,0.7692307692307693,0.9259259259259259
gray+random+full512,gray,random,full512,3,3,Random Forest,0.8636813326435967,400,40,0.8,0.811965811965812,0.7800511508951407,0.811965811965812,0.7866666666666666,0.5911561035156879,0.8461538461538461,0.7777777777777778
gray+random+full512,gray,random,full512,3,4,SVM (RBF),0.8475907265486373,400,40,0.875,0.8392857142857143,0.8573667711598747,0.8392857142857143,0.84744469870328,0.696417806248397,0.75,0.9285714285714286
gray+random+full512,gray,random,full512,3,5,Random Forest,0.8263284217689252,400,40,0.925,0.9045584045584045,0.9226190476190477,0.9045584045584045,0.9127272727272727,0.8269802600806244,0.8461538461538461,0.9629629629629629
gray+random+full512,gray,random,full512,4,1,SVM (RBF),0.8721185585354436,400,40,0.8,0.7521367521367521,0.7774294670846396,0.7521367521367521,0.7619047619047619,0.5289618692410673,0.6153846153846154,0.8888888888888888
gray+random+full512,gray,random,full512,4,2,Random Forest,0.8168178029563439,400,40,0.925,0.9226190476190477,0.9045584045584045,0.9226190476190477,0.9127272727272727,0.8269802600806244,0.9166666666666666,0.9285714285714286
gray+random+full512,gray,random,full512,4,3,SVM (RBF),0.8298843956944327,400,41,0.8292682926829268,0.8337912087912087,0.80375,0.8337912087912087,0.8132726089785296,0.6368330383085654,0.8461538461538461,0.8214285714285714
gray+random+full512,gray,random,full512,4,4,Random Forest,0.8121646775957121,400,40,0.85,0.849002849002849,0.8266666666666667,0.849002849002849,0.8351648351648351,0.6753002216523571,0.8461538461538461,0.8518518518518519
gray+random+full512,gray,random,full512,4,5,Logistic Regression,0.8385395064705409,400,40,0.8,0.7720797720797721,0.7720797720797721,0.7720797720797721,0.7720797720797721,0.5441595441595442,0.6923076923076923,0.8518518518518519
gray+random+full512,gray,random,full512,5,1,SVM (RBF),0.8636618871417493,400,41,0.8048780487804879,0.7541208791208791,0.7803030303030303,0.7541208791208791,0.764367816091954,0.5337821746025339,0.6153846153846154,0.8928571428571429
gray+random+full512,gray,random,full512,5,2,SVM (RBF),0.8006597766194383,400,40,0.95,0.962962962962963,0.9333333333333333,0.962962962962963,0.945054945054945,0.8958064164776166,1.0,0.9259259259259259
gray+random+full512,gray,random,full512,5,3,Logistic Regression,0.8776700151700152,400,40,0.85,0.829059829059829,0.829059829059829,0.829059829059829,0.829059829059829,0.6581196581196581,0.7692307692307693,0.8888888888888888
gray+random+full512,gray,random,full512,5,4,Random Forest,0.8562310534293291,400,40,0.875,0.8630952380952381,0.8475783475783476,0.8630952380952381,0.8545454545454545,0.7105041671115223,0.8333333333333334,0.8928571428571429
gray+random+full512,gray,random,full512,5,5,SVM (RBF),0.8428383153512365,400,40,0.875,0.8675213675213675,0.8543956043956045,0.8675213675213675,0.8602375960866526,0.7217976369344363,0.8461538461538461,0.8888888888888888
gray+random+pca6,gray,random,pca6,1,1,Random Forest,0.8458680623335796,400,40,0.875,0.8675213675213675,0.8543956043956045,0.8675213675213675,0.8602375960866526,0.7217976369344363,0.8461538461538461,0.8888888888888888
gray+random+pca6,gray,random,pca6,1,2,Random Forest,0.8708757285836394,400,40,0.875,0.8276353276353277,0.8833333333333333,0.8276353276353277,0.84744469870328,0.7087835840655705,0.6923076923076923,0.9629629629629629
gray+random+pca6,gray,random,pca6,1,3,Random Forest,0.8552019730793317,400,41,0.9024390243902439,0.8667582417582418,0.9045454545454545,0.8667582417582418,0.882183908045977,0.7703775168587922,0.7692307692307693,0.9642857142857143
gray+random+pca6,gray,random,pca6,1,4,Random Forest,0.8580609132496207,400,40,0.9,0.8571428571428572,0.9,0.8571428571428572,0.8746081504702194,0.7559289460184545,0.75,0.9642857142857143
gray+random+pca6,gray,random,pca6,1,5,Random Forest,0.8316426720704535,400,40,0.825,0.8105413105413106,0.7994505494505495,0.8105413105413106,0.8043326345213138,0.6098910265570043,0.7692307692307693,0.8518518518518519
gray+random+pca6,gray,random,pca6,2,1,Random Forest,0.8434111485419518,400,40,1.0,1.0,1.0,1.0,1.0,1.0,1.0,1.0
gray+random+pca6,gray,random,pca6,2,2,Logistic Regression,0.8059999711242105,400,40,0.925,0.9045584045584045,0.9226190476190477,0.9045584045584045,0.9127272727272727,0.8269802600806244,0.8461538461538461,0.9629629629629629
gray+random+pca6,gray,random,pca6,2,3,Random Forest,0.8787454743587898,400,41,0.8536585365853658,0.8310439560439561,0.8310439560439561,0.8310439560439561,0.8310439560439561,0.6620879120879121,0.7692307692307693,0.8928571428571429
gray+random+pca6,gray,random,pca6,2,4,Random Forest,0.846316469052426,400,40,0.9,0.9047619047619048,0.8736263736263736,0.9047619047619048,0.886039886039886,0.7777653184818517,0.9166666666666666,0.8928571428571429
gray+random+pca6,gray,random,pca6,2,5,Random Forest,0.8573507572920012,400,40,0.825,0.7905982905982906,0.8035714285714286,0.7905982905982906,0.7963636363636364,0.5940280741424203,0.6923076923076923,0.8888888888888888
gray+random+pca6,gray,random,pca6,3,1,Random Forest,0.8278580678580678,400,41,0.8780487804878049,0.848901098901099,0.8649425287356323,0.848901098901099,0.856140350877193,0.7136633640915244,0.7692307692307693,0.9285714285714286
gray+random+pca6,gray,random,pca6,3,2,Random Forest,0.8460365396970797,400,40,0.95,0.9430199430199431,0.9430199430199431,0.9430199430199431,0.9430199430199431,0.886039886039886,0.9230769230769231,0.9629629629629629
gray+random+pca6,gray,random,pca6,3,3,Random Forest,0.9037334580564803,400,40,0.8,0.7720797720797721,0.7720797720797721,0.7720797720797721,0.7720797720797721,0.5441595441595442,0.6923076923076923,0.8518518518518519
gray+random+pca6,gray,random,pca6,3,4,Random Forest,0.8310156089268428,400,40,0.925,0.8988095238095238,0.9200626959247649,0.8988095238095238,0.9084668192219679,0.8185963687481157,0.8333333333333334,0.9642857142857143
gray+random+pca6,gray,random,pca6,3,5,Logistic Regression,0.8400394975394975,400,40,0.775,0.7735042735042735,0.75,0.7735042735042735,0.7565922920892495,0.5229763603684907,0.7692307692307693,0.7777777777777778
gray+random+pca6,gray,random,pca6,4,1,Random Forest,0.8658156971716293,400,40,0.875,0.8675213675213675,0.8543956043956045,0.8675213675213675,0.8602375960866526,0.7217976369344363,0.8461538461538461,0.8888888888888888
gray+random+pca6,gray,random,pca6,4,2,Random Forest,0.8385338975465846,400,40,0.95,0.9166666666666667,0.9666666666666667,0.9166666666666667,0.9373040752351097,0.8819171036881969,0.8333333333333334,1.0
gray+random+pca6,gray,random,pca6,4,3,Random Forest,0.8663823041365415,400,41,0.8048780487804879,0.7953296703296704,0.7756410256410255,0.7953296703296704,0.783068783068783,0.5706311356100237,0.7692307692307693,0.8214285714285714
gray+random+pca6,gray,random,pca6,4,4,Random Forest,0.8314606834044049,400,40,0.925,0.9245014245014245,0.9093406593406593,0.9245014245014245,0.9161425576519916,0.8337042473118683,0.9230769230769231,0.9259259259259259
gray+random+pca6,gray,random,pca6,4,5,Random Forest,0.8718797200717239,400,40,0.825,0.7706552706552707,0.8166666666666667,0.7706552706552707,0.7864225781845919,0.5855168737932974,0.6153846153846154,0.9259259259259259
gray+random+pca6,gray,random,pca6,5,1,Random Forest,0.8609422746763742,400,41,0.7804878048780488,0.7156593406593407,0.7532258064516129,0.7156593406593407,0.7280766396462786,0.4673778362622029,0.5384615384615384,0.8928571428571429
gray+random+pca6,gray,random,pca6,5,2,Random Forest,0.803231296533615,400,40,0.85,0.809116809116809,0.8401253918495297,0.809116809116809,0.8214285714285714,0.6485012747192745,0.6923076923076923,0.9259259259259259
gray+random+pca6,gray,random,pca6,5,3,Random Forest,0.8467576235739851,400,40,0.925,0.9045584045584045,0.9226190476190477,0.9045584045584045,0.9127272727272727,0.8269802600806244,0.8461538461538461,0.9629629629629629
gray+random+pca6,gray,random,pca6,5,4,Random Forest,0.8514420112265757,400,40,0.875,0.8630952380952381,0.8475783475783476,0.8630952380952381,0.8545454545454545,0.7105041671115223,0.8333333333333334,0.8928571428571429
gray+random+pca6,gray,random,pca6,5,5,Random Forest,0.8504727217227217,400,40,0.9,0.905982905982906,0.88,0.905982905982906,0.8901098901098901,0.7855533190649869,0.9230769230769231,0.8888888888888888
