left,right,patch_corr,align_score,dx,dy,overlap_w,overlap_h,residual_rgb
dataset_batik/batik/Yogyakarta_Parang/0012.jpg,dataset_batik/batik/Yogyakarta_Parang/0017.jpg,0.9981,0.9982160329818726,-32,0,224,256,4.720098495483398
dataset_batik/batik/batik semarangan/semarangan3.jpg,dataset_batik/batik/batik semarangan/semarangan5.jpg,0.9932,0.992943525314331,0,0,256,256,5.565633296966553
dataset_batik/batik/Solo_Parang/0032.jpg,dataset_batik/batik/Solo_Parang/0040.jpg,0.9766,0.9741871953010559,0,-36,256,220,5.946567058563232
dataset_batik/batik/Yogyakarta_Kawung/0010.jpg,dataset_batik/batik/Yogyakarta_Kawung/0030.jpg,0.9959,0.9958248734474182,-24,0,232,256,6.241395950317383
dataset_batik/batik/Solo_Parang/0028.jpg,dataset_batik/batik/Solo_Parang/0034.jpg,0.9868,0.9869329333305359,-51,0,205,256,7.452547073364258
dataset_batik/batik/Solo_Parang/0017.jpg,dataset_batik/batik/Solo_Parang/0021.jpg,0.9707,0.9690274596214294,21,0,235,256,13.287505149841309
dataset_batik/batik/Yogyakarta_Parang/0012.jpg,dataset_batik/batik/Yogyakarta_Parang/009.jpg,0.97,0.9653975367546082,-48,-21,208,235,14.450183868408203
dataset_batik/batik/Yogyakarta_Parang/0017.jpg,dataset_batik/batik/Yogyakarta_Parang/009.jpg,0.9703,0.9697048664093018,-36,0,220,256,14.782693862915039
dataset_batik/batik/SumateraBarat_Rumah_Minang/0012.jpg,dataset_batik/batik/SumateraBarat_Rumah_Minang/0024.jpg,0.9185,0.9171182513237,0,0,256,256,22.704015731811523
dataset_batik/batik/SumateraBarat_Rumah_Minang/0011.jpg,dataset_batik/batik/SumateraBarat_Rumah_Minang/0027.jpg,0.7961,0.7448140382766724,-5,-3,251,253,24.21040916442871
dataset_batik/batik/Yogyakarta_Kawung/0014.jpg,dataset_batik/batik/Yogyakarta_Kawung/0018.jpg,0.8927,0.8680714964866638,-29,-6,227,250,27.922536849975586
dataset_batik/batik/Yogyakarta_Kawung/0024.jpg,dataset_batik/batik/Yogyakarta_Kawung/0036.jpg,0.9006,0.8723640441894531,-10,46,246,210,30.86577606201172
dataset_batik/batik/Yogyakarta_Kawung/003.jpg,dataset_batik/batik/batik solo/solo4.jpg,0.9367,0.8742347955703735,49,10,207,246,30.968788146972656
dataset_batik/batik/Yogyakarta_Kawung/0014.jpg,dataset_batik/batik/Yogyakarta_Kawung/0036.jpg,0.8527,0.8212178945541382,63,4,193,252,32.13196563720703
dataset_batik/non_batik/modern/modern (1).png,uji_eksternal/non_batik/polos4.webp,0.6556,0.361130952835083,45,15,211,241,33.019378662109375
dataset_batik/batik/Yogyakarta_Kawung/0016.jpg,dataset_batik/batik/Yogyakarta_Kawung/0031.jpg,0.9389,0.898389458656311,-27,2,229,254,35.276123046875
dataset_batik/batik/Yogyakarta_Kawung/0022.jpg,dataset_batik/batik/Yogyakarta_Kawung/0027.jpg,0.9509,0.9173499941825867,32,0,224,256,36.98653793334961
dataset_batik/batik/Yogyakarta_Kawung/003.jpg,dataset_batik/batik/Yogyakarta_Kawung/0036.jpg,0.8813,0.7617672085762024,64,44,192,212,38.590721130371094
dataset_batik/batik/Yogyakarta_Kawung/0018.jpg,dataset_batik/batik/Yogyakarta_Kawung/0036.jpg,0.8121,0.7458505630493164,18,11,238,245,39.45638656616211
dataset_batik/batik/Yogyakarta_Kawung/0024.jpg,dataset_batik/batik/Yogyakarta_Kawung/003.jpg,0.8281,0.7638586759567261,35,-36,221,220,39.6759147644043
dataset_batik/batik/Yogyakarta_Parang/0030.jpg,dataset_batik/batik/Yogyakarta_Parang/0036.jpg,0.8449,0.8301212191581726,-59,38,197,218,40.6582145690918
dataset_batik/batik/Yogyakarta_Kawung/0014.jpg,dataset_batik/batik/Yogyakarta_Kawung/003.jpg,0.8744,0.8067029118537903,-1,-40,255,216,40.939002990722656
dataset_batik/batik/Yogyakarta_Kawung/0018.jpg,dataset_batik/batik/Yogyakarta_Kawung/003.jpg,0.9031,0.8579219579696655,63,3,193,253,41.17506790161133
dataset_batik/batik/Yogyakarta_Kawung/0018.jpg,dataset_batik/batik/Yogyakarta_Kawung/0024.jpg,0.7969,0.7540846467018127,-45,-35,211,221,41.627750396728516
dataset_batik/batik/Yogyakarta_Kawung/0014.jpg,dataset_batik/batik/Yogyakarta_Kawung/0029.jpg,0.8421,0.7656527757644653,-56,24,200,232,41.92909622192383
dataset_batik/batik/Yogyakarta_Kawung/0014.jpg,dataset_batik/batik/Yogyakarta_Kawung/0024.jpg,0.8434,0.7985522150993347,0,-41,256,215,42.474735260009766
dataset_batik/batik/SumateraBarat_Rumah_Minang/009.jpg,dataset_batik/non_batik/modern/modern (7).png,0.6283,0.3438081443309784,64,-64,192,192,46.44257354736328
dataset_batik/batik/Yogyakarta_Kawung/0029.jpg,dataset_batik/batik/Yogyakarta_Kawung/0032.jpg,0.8123,0.7431901097297668,36,5,220,251,46.68486785888672
dataset_batik/batik/Yogyakarta_Kawung/0018.jpg,dataset_batik/batik/Yogyakarta_Kawung/0029.jpg,0.8389,0.7845918536186218,-26,31,230,225,46.780296325683594
dataset_batik/batik/Yogyakarta_Parang/0030.jpg,dataset_batik/batik/Yogyakarta_Parang/008.jpg,0.7919,0.7647934556007385,7,-41,249,215,47.65951919555664
dataset_batik/batik/Yogyakarta_Kawung/0024.jpg,dataset_batik/batik/batik solo/solo4.jpg,0.7803,0.6650754809379578,49,-62,207,194,48.53524398803711
dataset_batik/batik/Yogyakarta_Kawung/0029.jpg,dataset_batik/batik/Yogyakarta_Kawung/0036.jpg,0.7437,0.7097712159156799,-64,-59,192,197,50.90939712524414
dataset_batik/batik/Yogyakarta_Kawung/0030.jpg,dataset_batik/batik/Yogyakarta_Kawung/009.jpg,0.8651,0.8266962766647339,54,28,202,228,50.99147415161133
dataset_batik/batik/Yogyakarta_Kawung/0036.jpg,dataset_batik/batik/batik solo/solo4.jpg,0.8279,0.7359976172447205,-12,-33,244,223,51.494346618652344
dataset_batik/batik/Yogyakarta_Kawung/0010.jpg,dataset_batik/batik/Yogyakarta_Kawung/009.jpg,0.849,0.8213001489639282,60,-2,196,254,51.96786880493164
uji_eksternal/batik/batik_sogan (5).jpg,uji_eksternal/non_batik/polos5.jpg,0.7382,0.1341569721698761,38,17,218,239,52.23414993286133
dataset_batik/batik/Yogyakarta_Kawung/0030.jpg,dataset_batik/batik/Yogyakarta_Kawung/0037.jpg,0.7479,0.735937774181366,57,31,199,225,52.24443054199219
dataset_batik/batik/Yogyakarta_Parang/0038.jpg,dataset_batik/batik/Yogyakarta_Parang/0040.jpg,0.8818,0.7864546179771423,-36,32,220,224,53.152549743652344
dataset_batik/batik/Yogyakarta_Kawung/0010.jpg,dataset_batik/batik/Yogyakarta_Kawung/0037.jpg,0.7532,0.7340605854988098,-60,60,196,196,54.223960876464844
dataset_batik/batik/batik pekalongan/pekalongan2.jpg,uji_eksternal/non_batik/polos5.jpg,0.7182,0.5392930507659912,27,-33,229,223,54.986183166503906
dataset_batik/batik/Yogyakarta_Parang/0020.jpg,dataset_batik/batik/Yogyakarta_Parang/007.jpg,0.849,0.7049192786216736,-46,-1,210,255,54.988285064697266
dataset_batik/non_batik/modern/modern (3).png,uji_eksternal/non_batik/polos4.webp,0.6706,0.386882483959198,-30,53,226,203,55.777191162109375
dataset_batik/batik/Yogyakarta_Kawung/0018.jpg,dataset_batik/batik/batik solo/solo4.jpg,0.7465,0.6390924453735352,6,-23,250,233,56.602352142333984
dataset_batik/batik/Yogyakarta_Parang/0036.jpg,dataset_batik/batik/Yogyakarta_Parang/008.jpg,0.7311,0.6140403747558594,28,-42,228,214,56.78771209716797
uji_eksternal/non_batik/polos4.webp,uji_eksternal/non_batik/polos5.jpg,0.7566,0.28770771622657776,-64,-64,192,192,57.023128509521484
dataset_batik/batik/Yogyakarta_Kawung/0014.jpg,dataset_batik/batik/batik solo/solo4.jpg,0.8132,0.6665726900100708,15,8,241,248,57.2815055847168
dataset_batik/non_batik/garis/garis1 (3).jpg,uji_eksternal/batik/batik_sogan (5).jpg,0.6431,0.6065144538879395,6,-51,250,205,58.60081481933594
dataset_batik/non_batik/garis/garis1 (3).jpg,uji_eksternal/non_batik/polos1.jpg,0.6039,0.476913720369339,64,-64,192,192,58.997867584228516
dataset_batik/batik/Yogyakarta_Parang/0012.jpg,dataset_batik/batik/Yogyakarta_Parang/0019.jpg,0.8989,0.7801467180252075,-33,28,223,228,59.02400207519531
dataset_batik/batik/Yogyakarta_Parang/0019.jpg,dataset_batik/batik/Yogyakarta_Parang/009.jpg,0.8312,0.7801574468612671,33,54,223,202,59.379249572753906
dataset_batik/batik/Yogyakarta_Kawung/0032.jpg,dataset_batik/batik/Yogyakarta_Kawung/0036.jpg,0.7109,0.6003344058990479,-60,-25,196,231,60.76250076293945
dataset_batik/batik/Yogyakarta_Kawung/0035.jpg,dataset_batik/batik/Yogyakarta_Kawung/0040.jpg,0.7625,0.5726017951965332,-18,48,238,208,60.89683532714844
dataset_batik/batik/Yogyakarta_Parang/0017.jpg,dataset_batik/batik/Yogyakarta_Parang/0019.jpg,0.8614,0.7592089772224426,-36,-14,220,242,60.949134826660156
dataset_batik/non_batik/modern/modern (1).png,uji_eksternal/non_batik/polos5.jpg,0.7851,0.2676570415496826,20,40,236,216,61.08329391479492
dataset_batik/batik/Yogyakarta_Kawung/0014.jpg,dataset_batik/batik/Yogyakarta_Kawung/0032.jpg,0.6791,0.5753331184387207,60,31,196,225,61.70988845825195
dataset_batik/batik/Yogyakarta_Kawung/0024.jpg,dataset_batik/batik/Yogyakarta_Kawung/0029.jpg,0.6893,0.5795255899429321,-16,29,240,227,61.94554138183594
dataset_batik/batik/Yogyakarta_Kawung/0025.jpg,dataset_batik/batik/Yogyakarta_Kawung/0026.jpg,0.6732,0.6109479665756226,50,-50,206,206,62.71884536743164
dataset_batik/batik/Yogyakarta_Kawung/0018.jpg,dataset_batik/batik/Yogyakarta_Kawung/0032.jpg,0.705,0.5760975480079651,7,37,249,219,62.94750213623047
dataset_batik/batik/Yogyakarta_Kawung/0016.jpg,dataset_batik/batik/Yogyakarta_Kawung/0020.jpg,0.7099,0.6466042995452881,8,42,248,214,63.07815170288086
dataset_batik/batik/Yogyakarta_Kawung/0029.jpg,dataset_batik/batik/Yogyakarta_Kawung/003.jpg,0.7252,0.6509443521499634,15,-25,241,231,63.73469161987305
dataset_batik/non_batik/modern/modern (2).png,uji_eksternal/non_batik/polos5.jpg,0.6816,0.5419923067092896,13,19,243,237,64.15758514404297
dataset_batik/non_batik/garis/garis1 (3).jpg,dataset_batik/non_batik/modern/modern (2).png,0.7783,0.528495728969574,42,-57,214,199,65.18983459472656
dataset_batik/batik/Yogyakarta_Kawung/0022.jpg,dataset_batik/batik/Yogyakarta_Kawung/0040.jpg,0.7514,0.7112951874732971,-12,-39,244,217,65.34266662597656
dataset_batik/non_batik/modern/modern (2).png,uji_eksternal/non_batik/polos3.webp,0.6009,0.4689517319202423,8,51,248,205,68.3076400756836
uji_eksternal/non_batik/polos3.webp,uji_eksternal/non_batik/polos4.webp,0.6016,0.6203660368919373,-50,-36,206,220,68.31698608398438
uji_eksternal/batik/batik_betawi (5).jpg,uji_eksternal/non_batik/polos5.jpg,0.7553,0.3056361973285675,-64,-61,192,195,68.44034576416016
dataset_batik/batik/Yogyakarta_Kawung/0024.jpg,dataset_batik/batik/Yogyakarta_Kawung/0032.jpg,0.691,0.4968533515930176,59,-6,197,250,68.62995147705078
dataset_batik/batik/Yogyakarta_Kawung/0021.jpg,uji_eksternal/batik/batik_kawung (2).jpg,0.6687,0.6515092253684998,62,24,194,232,68.96168518066406
dataset_batik/batik/Solo_Parang/0011.jpg,dataset_batik/batik/Solo_Parang/009.jpg,0.6425,0.5010242462158203,31,-34,225,222,69.36083221435547
dataset_batik/batik/Yogyakarta_Kawung/0020.jpg,dataset_batik/batik/Yogyakarta_Kawung/0031.jpg,0.7072,0.5254939198493958,19,-38,237,218,69.37528991699219
dataset_batik/non_batik/garis/garis1 (3).jpg,dataset_batik/non_batik/modern/modern (7).png,0.7689,0.5056913495063782,-55,-59,201,197,69.46830749511719
dataset_batik/batik/Yogyakarta_Kawung/004.jpg,uji_eksternal/batik/batik_kawung.png,0.6122,0.6013588905334473,-14,33,242,223,69.5688247680664
dataset_batik/non_batik/garis/garis1 (3).jpg,dataset_batik/non_batik/modern/modern (6).png,0.692,0.6300323009490967,41,-51,215,205,69.74588012695312
dataset_batik/non_batik/polos/polos (3).png,uji_eksternal/non_batik/polos4.webp,0.6108,0.11233111470937729,64,-63,192,193,71.01905059814453
dataset_batik/batik/Solo_Parang/004.jpg,dataset_batik/batik/Solo_Parang/009.jpg,0.6091,0.26764607429504395,43,-31,213,225,71.39265441894531
dataset_batik/batik/Yogyakarta_Kawung/0027.jpg,dataset_batik/batik/Yogyakarta_Kawung/0040.jpg,0.7282,0.6771198511123657,-11,-4,245,252,71.54839324951172
dataset_batik/batik/Yogyakarta_Kawung/005.jpg,dataset_batik/non_batik/kotak/kotak3.png,0.6556,0.5300019383430481,38,-5,218,251,71.6307373046875
dataset_batik/batik/Yogyakarta_Kawung/003.jpg,dataset_batik/batik/Yogyakarta_Kawung/0032.jpg,0.6402,0.48117801547050476,20,33,236,223,71.63483428955078
dataset_batik/non_batik/garis/garis1 (3).jpg,dataset_batik/non_batik/modern/modern (3).png,0.6652,0.5618395805358887,-44,64,212,192,71.82962036132812
dataset_batik/batik/Yogyakarta_Kawung/0020.jpg,dataset_batik/batik/Yogyakarta_Kawung/0021.jpg,0.661,0.5552510619163513,14,-41,242,215,72.04064178466797
dataset_batik/batik/Yogyakarta_Kawung/0037.jpg,dataset_batik/batik/Yogyakarta_Kawung/004.jpg,0.6968,0.5584427118301392,-37,37,219,219,72.28594970703125
dataset_batik/non_batik/polos/polos (5).png,uji_eksternal/non_batik/polos5.jpg,0.695,0.3316127359867096,11,12,245,244,72.72618103027344
dataset_batik/non_batik/modern/modern (2).png,uji_eksternal/batik/batik_kalimantan_dayak (4).jpg,0.6083,0.4060593545436859,-11,-38,245,218,72.90763092041016
dataset_batik/batik/Solo_Parang/0037.jpg,uji_eksternal/batik/batik_parang.jpg,0.7717,0.6568155288696289,-37,1,219,255,73.1596908569336
dataset_batik/batik/Yogyakarta_Kawung/0037.jpg,dataset_batik/batik/Yogyakarta_Kawung/009.jpg,0.688,0.6287609338760376,58,-3,198,253,74.14035034179688
dataset_batik/non_batik/garis/garis1 (3).jpg,uji_eksternal/non_batik/polos4.webp,0.81,-0.1380939930677414,-64,-64,192,192,74.39044952392578
dataset_batik/batik/Yogyakarta_Kawung/0016.jpg,dataset_batik/batik/Yogyakarta_Kawung/0021.jpg,0.6526,0.5686931014060974,-57,-25,199,231,74.49179077148438
dataset_batik/non_batik/polos/polos (10).png,uji_eksternal/non_batik/polos4.webp,0.747,0.40280479192733765,44,-29,212,227,74.49227905273438
dataset_batik/non_batik/modern/modern (6).png,uji_eksternal/non_batik/polos4.webp,0.7425,0.29273563623428345,47,-63,209,193,76.53199768066406
dataset_batik/batik/Yogyakarta_Kawung/0031.jpg,uji_eksternal/batik/batik_kawung (2).jpg,0.6682,0.5978097915649414,31,-54,225,202,77.12615966796875
dataset_batik/batik/Yogyakarta_Kawung/0027.jpg,dataset_batik/batik/Yogyakarta_Kawung/0035.jpg,0.6753,0.5724959969520569,-26,-49,230,207,77.43157958984375
dataset_batik/batik/Yogyakarta_Parang/0010.jpg,dataset_batik/batik/Yogyakarta_Parang/0038.jpg,0.6508,0.5932872295379639,-58,2,198,254,77.57063293457031
dataset_batik/batik/Yogyakarta_Kawung/0015.jpg,dataset_batik/batik/Yogyakarta_Kawung/0031.jpg,0.6344,0.46972304582595825,-44,-63,212,193,77.75430297851562
dataset_batik/batik/Yogyakarta_Kawung/0022.jpg,dataset_batik/batik/Yogyakarta_Kawung/0035.jpg,0.6368,0.5071892142295837,-27,-48,229,208,77.78218841552734
dataset_batik/batik/Yogyakarta_Kawung/0020.jpg,dataset_batik/batik/Yogyakarta_Kawung/0037.jpg,0.6303,0.438762366771698,-13,-55,243,201,77.90423583984375
dataset_batik/batik/Yogyakarta_Kawung/0021.jpg,dataset_batik/batik/Yogyakarta_Kawung/0031.jpg,0.6786,0.6114101409912109,5,1,251,255,77.93009185791016
dataset_batik/batik/Solo_Parang/0011.jpg,dataset_batik/batik/Solo_Parang/004.jpg,0.6235,0.40305712819099426,-47,-43,209,213,78.21430206298828
dataset_batik/batik/Solo_Parang/004.jpg,uji_eksternal/non_batik/polos4.webp,0.6045,0.16370217502117157,6,-61,250,195,78.889892578125
dataset_batik/batik/Yogyakarta_Kawung/0015.jpg,dataset_batik/batik/Yogyakarta_Kawung/0016.jpg,0.6134,0.429077684879303,11,-41,245,215,78.9328842163086
dataset_batik/non_batik/garis/garis1 (3).jpg,uji_eksternal/non_batik/kain_tenun_ikat (3).jpg,0.7704,0.5310218930244446,-28,64,228,192,79.18533325195312
dataset_batik/batik/Yogyakarta_Kawung/0015.jpg,dataset_batik/batik/Yogyakarta_Kawung/0020.jpg,0.6232,0.3977839946746826,20,-2,236,254,80.00499725341797
dataset_batik/non_batik/modern/modern (2).png,uji_eksternal/non_batik/polos4.webp,0.6979,0.5020567178726196,-36,-42,220,214,80.22308349609375
dataset_batik/batik/Yogyakarta_Kawung/0016.jpg,uji_eksternal/batik/batik_kawung (2).jpg,0.604,0.49564221501350403,-45,-52,211,204,82.79501342773438
uji_eksternal/non_batik/flanel_kotak (3).jpg,uji_eksternal/non_batik/polos5.jpg,0.6643,0.11293667554855347,-64,-61,192,195,83.83440399169922
dataset_batik/non_batik/polos/polos (1).png,uji_eksternal/non_batik/polos5.jpg,0.7083,0.31850674748420715,-64,-64,192,192,84.73381805419922
dataset_batik/non_batik/garis/garis1 (3).jpg,uji_eksternal/batik/batik_betawi (5).jpg,0.638,0.5217153429985046,24,64,232,192,86.08946228027344
dataset_batik/batik/SumateraBarat_Rumah_Minang/0021.jpg,dataset_batik/non_batik/garis/garis1 (3).jpg,0.6439,0.11862035095691681,-31,-11,225,245,87.5393295288086
dataset_batik/non_batik/garis/garis1 (3).jpg,uji_eksternal/batik/batik_betawi (4).jpg,0.7126,0.5806244611740112,-46,64,210,192,87.79938507080078
dataset_batik/batik/Batik Sekar Jagad/37.jpg,dataset_batik/non_batik/garis/garis1 (3).jpg,0.6561,0.220480278134346,-62,0,194,256,88.16275024414062
dataset_batik/batik/batik semarangan/semarangan2.jpg,dataset_batik/non_batik/garis/garis1 (3).jpg,0.6795,0.2646610140800476,-23,16,233,240,89.40576171875
uji_eksternal/batik/batik_sogan (5).jpg,uji_eksternal/non_batik/polos4.webp,0.6244,0.35702234506607056,-2,-52,254,204,90.63687896728516
dataset_batik/non_batik/modern/modern (2).png,dataset_batik/non_batik/polos/polos (1).png,0.6378,0.3854821026325226,-64,63,192,193,91.17810821533203
uji_eksternal/batik/batik_betawi (4).jpg,uji_eksternal/non_batik/polos4.webp,0.7051,0.1714036464691162,36,59,220,197,91.87971496582031
uji_eksternal/non_batik/polos3.webp,uji_eksternal/non_batik/polos5.jpg,0.6806,0.5949567556381226,-4,64,252,192,94.14183044433594
dataset_batik/batik/batik semarangan/semarangan4.jpg,dataset_batik/non_batik/garis/garis1 (3).jpg,0.6122,0.5078543424606323,-18,-2,238,254,97.19869995117188
dataset_batik/non_batik/garis/garis1 (3).jpg,uji_eksternal/batik/batik_megamendung (5).jpg,0.7776,0.7409160137176514,50,-17,206,239,97.62406921386719
uji_eksternal/non_batik/kain_kotak (1).png,uji_eksternal/non_batik/kain_salur (4).jpg,0.6485,0.4228370487689972,-64,64,192,192,97.86832427978516
dataset_batik/non_batik/garis/garis1 (3).jpg,uji_eksternal/non_batik/flanel_kotak (1).jpg,0.6391,0.47785109281539917,17,64,239,192,103.91172790527344
uji_eksternal/non_batik/flanel_kotak (1).jpg,uji_eksternal/non_batik/polos5.jpg,0.7438,0.07795939594507217,32,2,224,254,104.72065734863281
dataset_batik/non_batik/geometris/geometris (1).png,dataset_batik/non_batik/geometris/geometris (8).png,0.7295,0.6239386796951294,-34,-25,222,231,115.6098403930664
dataset_batik/non_batik/garis/garis1 (3).jpg,uji_eksternal/non_batik/flanel_kotak (2).jpg,0.8035,0.6278015971183777,-30,64,226,192,115.92086791992188
uji_eksternal/non_batik/flanel_kotak (1).jpg,uji_eksternal/non_batik/polos4.webp,0.7097,0.16177618503570557,-16,-63,240,193,120.8216781616211
dataset_batik/non_batik/geometris/geometris (8).png,uji_eksternal/non_batik/kain_kotak (1).png,0.6833,0.6242115497589111,1,-12,255,244,121.91175079345703
uji_eksternal/non_batik/flanel_kotak (2).jpg,uji_eksternal/non_batik/polos4.webp,0.8017,0.0464090071618557,52,22,204,234,126.12094116210938
dataset_batik/non_batik/polos/polos (6).png,uji_eksternal/non_batik/polos4.webp,0.6302,0.2624492645263672,62,-63,194,193,153.0494842529297
